intercept,estimate,conf.low,conf.high,std.error,t.value,df,p.value,p.adj (BH),signif.
pre_syls0,103.934,90.6726603901117,117.1959067329507,6.259,16.606,16.1,1.49133344029113e-11,NA,NA
pre_syls1,95.85,82.54600486432078,109.15490517058352,6.289,15.242,16.41,4.1241894735363473e-11,NA,NA
pre_syls2,97.313,82.05184521703615,112.57345922085779,7.5,12.975,32.9,1.7331862155204722e-14,NA,NA
pre_syls3,64.16,48.923780029213496,79.39640978603424,7.486,8.571,32.64,7.25109777126117e-10,NA,NA
foot_syls1,103.934,90.6726603901117,117.1959067329507,6.259,16.606,16.1,1.49133344029113e-11,NA,NA
foot_syls2,106.206,90.76183767859104,121.65078168886626,7.605,13.965,34.69,8.353604854544153e-16,NA,NA
foot_syls3,107.356,94.09438901445861,120.61745779222952,6.259,17.153,16.09,9.12758016658623e-12,NA,NA
foot_syls4,110.65,95.29274536387119,126.00791795675353,7.556,14.644,33.88,3.2365652709539083e-16,NA,NA
