intercept,estimate,conf.low,conf.high,std.error,t.value,df,p.value,p.adj (BH),signif.
pre_syls0,272.032,249.49850503655998,294.5653177882541,10.016,27.161,9.33,3.344729330215298e-10,NA,NA
pre_syls1,239.985,217.39792713784047,262.5720901197357,10.039,23.906,9.33,1.0918253832672743e-9,NA,NA
pre_syls2,250.182,226.7941473260679,273.5688993785523,10.767,23.235,12.35,1.4538450569051572e-11,NA,NA
pre_syls3,213.218,189.842262634144,236.59437015623786,10.76,19.816,12.32,1.0215181511600712e-10,NA,NA
foot_syls1,272.032,249.49850503655998,294.5653177882541,10.016,27.161,9.33,3.344729330215298e-10,NA,NA
foot_syls2,290.862,266.0965424449808,315.6279697186288,11.213,25.94,10.7,5.302770852719562e-11,NA,NA
foot_syls3,368.079,336.0950698081635,400.06197829114234,14.116,26.076,8.91,1.0189391349763509e-9,NA,NA
foot_syls4,501.877,462.03120774019067,541.7223759540045,16.717,30.023,6.74,1.9978802081849465e-8,NA,NA
