intercept,estimate,conf.low,conf.high,std.error,t.value,df,p.value,p.adj (BH),signif.
pre_syls0,87.214,84.1146459530002,90.31386039582267,1.397,62.42,10.33,1.167200898802825e-14,NA,NA
pre_syls1,88.027,84.92631257878634,91.12689638119889,1.398,62.973,10.35,1.0158380580938674e-14,NA,NA
pre_syls2,88.323,85.20189548765353,91.44446640556944,1.417,62.327,10.93,2.6457141243349175e-15,NA,NA
pre_syls3,88.119,84.99795675648731,91.23988010264115,1.417,62.196,10.92,2.7681068210822356e-15,NA,NA
foot_syls1,87.214,84.1146459530002,90.31386039582267,1.397,62.42,10.33,1.167200898802825e-14,NA,NA
foot_syls2,88.066,84.94300310782822,91.18827297648795,1.418,62.093,10.97,2.514982282741371e-15,NA,NA
foot_syls3,89.505,86.40542697950134,92.6046221017588,1.397,64.06,10.33,8.940543119328657e-15,NA,NA
foot_syls4,88.782,85.65996494401493,91.90481364949297,1.418,62.607,10.97,2.3307892750288422e-15,NA,NA
