term,sumsq,meansq,NumDF,DenDF,F value,p.value,p.adj (BH),signif.
foot_syls,790159.604,263386.535,3,6.799,460.987,3.209205536110591e-8,NA,NA
pre_syls,5146.753,1715.584,3,3.8,3.003,0.16409126625099843,NA,NA
fin_phon,35899.889,35899.889,1,764.418,62.833,7.961212248641756e-15,NA,NA
nuc_new_word,896.691,896.691,1,3.989,1.569,0.2787085853900719,NA,NA
gender,11505.161,11505.161,1,9.082,20.137,0.0014822510440768183,NA,NA
speech_rate,84378.127,84378.127,1,736.963,147.681,4.215555355223405e-31,NA,NA
