term,sumsq,meansq,NumDF,DenDF,F value,p.value,p.adj (BH),signif.
foot_syls,206.598,68.866,3,3.584,27.015,0.006157830574965499,NA,NA
pre_syls,20.627,6.876,3,3.154,2.697,0.21140994988289438,NA,NA
fin_phon,579.235,579.235,1,763.338,227.222,3.864895204517707e-45,NA,NA
nuc_new_word,4.984,4.984,1,3.821,1.955,0.23770876790045511,NA,NA
speech_rate,92.123,92.123,1,397.12,36.138,4.1676956919824885e-9,NA,NA
