term,sumsq,meansq,NumDF,DenDF,F value,p.value,p.adj (BH),signif.
foot_syls,891893.216,297297.739,3,4.728,424.955,3.541851523087286e-6,NA,NA
pre_syls,4967.408,1655.803,3,3.377,2.367,0.23292050451865656,NA,NA
fin_phon,30.712,30.712,1,771.088,0.044,0.8340949650759221,NA,NA
nuc_new_word,21.963,21.963,1,3.372,0.031,0.8694836288456514,NA,NA
gender,5536.247,5536.247,1,9.075,7.913,0.02011424998532188,NA,NA
speech_rate,109870.385,109870.385,1,772.761,157.048,6.254215864862781e-33,NA,NA
