term,sumsq,meansq,NumDF,DenDF,F value,p.value,p.adj (BH),signif.
foot_syls,165.623,55.208,3,7.03,47.735,4.846447810598678e-5,NA,NA
pre_syls,3.223,1.074,3,5.077,0.929,0.490632402716042,NA,NA
fin_phon,9.99,9.99,1,750.666,8.638,0.003393742325964733,NA,NA
nuc_new_word,2.013,2.013,1,5.166,1.741,0.2425229609664542,NA,NA
gender,0.926,0.926,1,9.107,0.801,0.3939430580447518,NA,NA
speech_rate,6.528,6.528,1,708.616,5.645,0.017773277101741442,NA,NA
