term,sumsq,meansq,NumDF,DenDF,F value,p.value,p.adj (BH),signif.
foot_syls,790077.769,263359.256,3,6.794,460.94,3.247202299271682e-8,NA,NA
pre_syls,5145.094,1715.031,3,3.797,3.002,0.16423268212243428,NA,NA
fin_phon,35899.291,35899.291,1,764.419,62.832,7.964927104849587e-15,NA,NA
nuc_new_word,896.329,896.329,1,3.986,1.569,0.27883128333752166,NA,NA
gender,11506.946,11506.946,1,9.084,20.14,0.0014806209784128286,NA,NA
speech_rate,84379.601,84379.601,1,736.977,147.684,4.210325618484228e-31,NA,NA
