intercept,estimate,conf.low,conf.high,std.error,z.value,p.value,p.adj (BH),signif.
modeMDC,-6.39,-8.257318932277695,-4.522184756179297,0.95,-6.71,2.001942101681736e-11,NA,NA
modeMWH,-6.38,-8.248677815888794,-4.510987542536139,0.95,-6.69,2.2181326924109654e-11,NA,NA
modeMYN,-2.2,-3.4399250154201124,-0.97001791303436,0.63,-3.5,4.662098972627185e-4,NA,NA
modeMDQ,-0.08,-1.2312527904494865,1.0682880012016651,0.59,-0.14,0.8895295483881128,NA,NA
