intercept,slope,estimate,conf.low,conf.high,std.error,z.value,p.value,p.adj (BH),signif.
modeMDC,modeMWH,-1.71,-4.821736357516857,1.4109934040271033,1.59,-1.07,0.2834716972019435,NA,NA
modeMDC,modeMYN,4.24,2.752563228200291,5.733509470758449,0.76,5.58,2.411145342366053e-8,NA,NA
modeMDC,modeMDQ,6.39,4.846068488700737,7.929193854213627,0.79,8.12,4.611324953366604e-16,NA,NA
modeMWH,modeMYN,4.23,2.7412134747081556,5.724954047727801,0.76,5.56,2.6782027586965103e-8,NA,NA
modeMWH,modeMDQ,6.38,4.8349351169946875,7.9206665006207775,0.79,8.1,5.40738781723211e-16,NA,NA
modeMYN,modeMDQ,2.21,1.5776619393167444,2.847385413562617,0.32,6.83,8.457865334002911e-12,NA,NA
intercept,genderM,1.693,0.21704853294523319,3.1685096550210146,0.753,2.248,0.024561340272389143,NA,NA
