factor,npar,AIC,LRT,Pr(Chi),p.adj (BH),signif.
mode,3,652.7101500798875,320.4986974549079,3.6e-69,2.2e-68,_p_ < .05
gender,1,341.5869709425406,5.375518317560989,0.02,0.027,_p_ < .05
