intercept,estimate,conf.low,conf.high,std.error,z.value,p.value,p.adj (BH),signif.
modeMDC,0.0022594871498469718,1.1357578071865335e-4,0.04495044760440826,0.0034474215184878243,-3.993184670696292,6.519175583748955e-5,NA,NA
modeMWH,0.0022635946593069427,1.1359806974879564e-4,0.045105174700358276,0.0034555595498284384,-3.989832849126498,6.61198740002517e-5,NA,NA
modeMYN,0.01458591207633258,0.0016759811949678641,0.1269398676651523,0.01610178359863834,-3.8296905183389334,1.283045169610415e-4,NA,NA
modeMDQ,0.13172176421928547,0.019650725316708265,0.8829507760860337,0.12786504254004738,-2.088204606961642,0.03677938192437814,NA,NA
