factor,npar,AIC,LRT,Pr(Chi),p.adj (BH),signif.
mode,3,481.6601923313826,62.76816963182557,1.5e-13,2.6e-13,_p_ < .05
gender,1,422.9338108165087,0.04178811695169315,0.838,0.914,
