intercept,slope,estimate,conf.low,conf.high,std.error,z.value,p.value,p.adj (BH),signif.
modeMDC,modeMWH,-0.41,-1.2055787284613668,0.3761534615388395,0.4,-1.03,0.30406197021822334,NA,NA
modeMDC,modeMYN,0.6,-0.12534793176173664,1.3349123729802286,0.37,1.62,0.10448693157497736,NA,NA
modeMDC,modeMDQ,2.31,1.5492968345390565,3.072973000442569,0.39,5.95,2.7510034534199017e-9,NA,NA
modeMWH,modeMYN,1.02,0.25006088140692595,1.7889398006355441,0.39,2.6,0.009405983283294282,NA,NA
modeMWH,modeMDQ,2.73,1.9168905730391903,3.5348075681137536,0.41,6.6,3.995286503542602e-11,NA,NA
modeMYN,modeMDQ,1.71,0.9912983882898769,2.4214121476285264,0.36,4.68,2.9095575048538097e-6,NA,NA
intercept,genderM,-0.441,-4.254385001869615,3.371931476058148,1.946,-0.227,0.8205865490389866,NA,NA
