factor,npar,AIC,LRT,Pr(Chi),p.adj (BH),signif.
mode,3,652.7101500798874,320.49867089107425,3.6e-69,1.8e-68,_p_ < .05
gender,1,341.5868800676503,5.375400878837183,0.02,0.029,_p_ < .05
