intercept,slope,estimate,conf.low,conf.high,std.error,z.value,p.value,p.adj (BH),signif.
modeMDC,modeMWH,0.2594651426522312,0.001746657225553392,38.54342985368124,0.6620346388323131,-0.5287532442125397,0.5969766362003786,NA,NA
modeMDC,modeMYN,6.882076587043192,0.564053534105145,83.96894139679155,8.783680431095199,1.5113229897676637,0.13070617937157783,NA,NA
modeMDC,modeMDQ,63.303012921534624,5.875696251195481,682.0079312521733,76.77596247749808,3.420037250049835,6.261256142428433e-4,NA,NA
modeMWH,modeMYN,6.872205943256739,0.5624439598517725,83.96785795153636,8.776069685251722,1.5093402168552876,0.13121186221746123,NA,NA
modeMWH,modeMDQ,63.20290831214997,5.856092151078038,682.1285451217973,76.71128905964567,3.41620382308187,6.350069826001601e-4,NA,NA
modeMYN,modeMDQ,9.754653009615694,3.064350316869544,31.05168975432628,5.762860383100398,3.855482315743234,1.1550168041194722e-4,NA,NA
intercept,genderM,0.136,0.0074860569287386,2.4625665079771357,0.201,-1.35,0.17686961307790722,NA,NA
