factor,npar,AIC,LRT,Pr(Chi),p.adj (BH),signif.
mode,3,223.2506591897353,65.06247089601911,4.9e-14,1.6e-13,_p_ < .05
gender,1,165.6430424932371,3.454854199520895,0.063,0.079,
