factor,npar,AIC,LRT,Pr(Chi),p.adj (BH),signif.
mode,3,486.7772754136163,16.269783752310047,0.001,0.002,_p_ < .05
gender,1,489.0949624700765,14.587470808770206,1.3e-04,2.6e-04,_p_ < .05
