intercept,slope,estimate,conf.low,conf.high,std.error,z.value,p.value,p.adj (BH),signif.
modeMDC,modeMWH,-4.244181561136009,-6.379395926546328,-2.1089671957256892,1.0894151026511807,-3.8958350685679375,9.786096851939453e-5,NA,NA
modeMDC,modeMYN,2.066286175484336,1.4787150933868094,2.653857257581862,0.29978667298593864,6.8925217885894945,5.481189327117723e-12,NA,NA
modeMDC,modeMDQ,3.5731334631613203,2.8791988122262944,4.267068114096347,0.3540547971333628,10.092035165436322,5.9914240241890926e-24,NA,NA
modeMWH,modeMYN,6.310436249180122,4.160686528177218,8.460185970183026,1.0968312366757023,5.75333382034771,8.750045925039113e-9,NA,NA
modeMWH,modeMDQ,7.817290493248093,5.62903009162771,10.005550894868476,1.1164799041620677,7.001729689989421,2.5282151712739814e-12,NA,NA
modeMYN,modeMDQ,1.5068470220323713,0.9087901829837656,2.104903861080977,0.3051366472884206,4.938269576672882,7.881883713285549e-7,NA,NA
intercept,genderM,-0.063,-1.6621290903951285,1.5365845693874203,0.816,-0.077,0.9386827887031908,NA,NA
