factor,npar,AIC,LRT,Pr(Chi),p.adj (BH),signif.
mode,3,821.2227734640937,339.4743828996287,2.8e-73,2.8e-72,_p_ < .05
gender,1,485.755623154772,0.00723259030695544,0.932,0.932,
