intercept,slope,estimate,conf.low,conf.high,std.error,z.value,p.value,p.adj (BH),signif.
modeMDC,modeMWH,-3.7780450816804634,-5.474148996840505,-2.0819411665204215,0.8653750418572451,-4.365789280878869,1.266645444532224e-5,NA,NA
modeMDC,modeMYN,0.9085418376631049,0.3122831449742002,1.5048005303520098,0.30421920881818104,2.9864709766111512,0.0028221762570452306,NA,NA
modeMDC,modeMDQ,0.9281537032478454,0.3274124594224843,1.5288949470732065,0.306506266729354,3.0281720277758892,0.002460379836955806,NA,NA
modeMWH,modeMYN,4.039454168076529,2.722338354402633,5.356569981750424,0.672010212464687,6.011001162112243,1.8438108413634562e-9,NA,NA
modeMWH,modeMDQ,4.058153412308857,2.7389082690037148,5.377398555614,0.6730966250967774,6.029080017635475,1.648956354221655e-9,NA,NA
modeMYN,modeMDQ,0.055724487425474915,-0.5113887092091035,0.6228376840600532,0.28934878452251933,0.1925858700855818,0.8472833118065388,NA,NA
intercept,genderM,-2.118,-4.182245883399073,-0.05448814471850527,1.053,-2.012,0.04425065418585919,NA,NA
