intercept,estimate,conf.low,conf.high,std.error,z.value,p.value,p.adj (BH),signif.
modeMDC,-1.69,-3.5377964769298753,0.16527820747914346,0.94,-1.79,0.0742601765525649,NA,NA
modeMWH,-5.93,-8.707142802373111,-3.1536797058988495,1.42,-4.19,2.8391595338368626e-5,NA,NA
modeMYN,0.38,-1.4522622538084182,2.2122981384339617,0.93,0.41,0.6843754250901026,NA,NA
modeMDQ,1.89,0.02871635123940708,3.745079089554485,0.95,1.99,0.046563041188084374,NA,NA
