factor,npar,AIC,LRT,Pr(Chi),p.adj (BH),signif.
mode,3,821.2228337425436,339.4744428738159,2.8e-73,3.4e-72,_p_ < .05
gender,1,485.7556226212323,0.00723175250470831,0.932,0.932,
