intercept,estimate,conf.low,conf.high,std.error,z.value,p.value,p.adj (BH),signif.
modeMDC,0.32257586324864257,0.0391275730467509,2.65938261558616,0.34718868065112013,-1.0512087951379052,0.29316270460545485,NA,NA
modeMWH,0.01429456679454113,0.001317918496921927,0.1550434570277547,0.017385910750922,-3.492571924047304,4.783927431646847e-4,NA,NA
modeMYN,0.7696512793527391,0.09477307816950323,6.250330824433673,0.8224629562609163,-0.24500600936510955,0.8064517783480525,NA,NA
modeMDQ,0.7842055936978849,0.0966586648673629,6.362372313242054,0.8376291349153546,-0.22758028419231885,0.8199725487109402,NA,NA
