factor,npar,AIC,LRT,Pr(Chi),p.adj (BH),signif.
mode,3,576.6988570432737,114.10428153018631,1.4e-24,4.2e-24,_p_ < .05
gender,1,472.0649859198285,5.470410406741053,0.019,0.027,_p_ < .05
