intercept,slope,estimate,conf.low,conf.high,std.error,z.value,p.value,p.adj (BH),signif.
modeMDC,modeMWH,0.022866994380635768,0.004193695536131258,0.12468702782520298,0.019788623377519726,-4.365785895404537,1.2666650650825722e-5,NA,NA
modeMDC,modeMYN,2.480683494980828,1.3665313114908197,4.503219611965427,0.7546713076274718,2.9864466633162983,0.0028224006770009424,NA,NA
modeMDC,modeMDQ,2.5298271272465005,1.3873701053298533,4.613062707034939,0.7754075880881172,3.0281642085116722,0.00246044350312405,NA,NA
modeMWH,modeMYN,56.79540026869108,15.215871955968998,211.9968872645137,38.16710166234281,6.0110009139333735,1.8438136643692441e-9,NA,NA
modeMWH,modeMDQ,57.8673926278308,15.470090027311445,216.45867112807537,38.950359422069525,6.029079006059888,1.6489666742211022e-9,NA,NA
modeMYN,modeMDQ,1.0573063416677115,0.5996622418455949,1.8642105874303203,0.3059303062402272,0.1925858667649913,0.8472833144073063,NA,NA
intercept,genderM,0.12,0.015264187687476963,0.9469698213628026,0.127,-2.012,0.044250663380215875,NA,NA
