intercept,estimate,conf.low,conf.high,std.error,z.value,p.value,p.adj (BH),signif.
modeMDC,-1.48,-4.11057130703251,1.157422779100362,1.34,-1.1,0.27188903227836914,NA,NA
modeMWH,-4119.58,-19758.514852585922,11519.357721372366,7979.2,-0.52,0.6056519150024263,NA,NA
modeMYN,0.12,-2.127252610862926,2.3604305267911903,1.14,0.1,0.9188846186459215,NA,NA
modeMDQ,-0.04,-2.4539867156260686,2.3702680579776145,1.23,-0.03,0.9728670856614237,NA,NA
