factor,npar,AIC,LRT,Pr(Chi),p.adj (BH),signif.
mode,3,576.6988651499657,114.10420085352388,1.4e-24,4.2e-24,_p_ < .05
gender,1,472.0649749090838,5.4703106126418675,0.019,0.027,_p_ < .05
