intercept,slope,estimate,conf.low,conf.high,std.error,z.value,p.value,p.adj (BH),signif.
modeMDC,modeMWH,-4.24,-6.379395926546328,-2.1089671957256892,1.09,-3.9,9.786096851939453e-5,NA,NA
modeMDC,modeMYN,2.07,1.4787150933868094,2.653857257581862,0.3,6.89,5.481189327117723e-12,NA,NA
modeMDC,modeMDQ,3.57,2.8791988122262944,4.267068114096347,0.35,10.09,5.9914240241890926e-24,NA,NA
modeMWH,modeMYN,6.31,4.160686528177218,8.460185970183026,1.1,5.75,8.750045925039113e-9,NA,NA
modeMWH,modeMDQ,7.82,5.62903009162771,10.005550894868476,1.12,7,2.5282151712739814e-12,NA,NA
modeMYN,modeMDQ,1.51,0.9087901829837656,2.104903861080977,0.31,4.94,7.881883713285549e-7,NA,NA
intercept,genderM,-0.063,-1.6621290903951285,1.5365845693874203,0.816,-0.077,0.9386827887031908,NA,NA
