intercept,estimate,conf.low,conf.high,std.error,z.value,p.value,p.adj (BH),signif.
modeMDC,-6.819,-9.183122484725482,-4.454380398611617,1.206,-5.652,1.6e-08,7.7e-08,p<0.0001
modeMWH,-6.803,-9.16630716388534,-4.438973116686279,1.206,-5.641,1.7e-08,7.7e-08,p<0.0001
modeMYN,-2.173,-3.3134260432388194,-1.0326610234812608,0.582,-3.735,1.9e-04,4.3e-04,p<0.001
modeMDQ,-0.041,-1.1211707675249334,1.0387966835870166,0.551,-0.075,0.94,0.94,
