intercept,estimate,conf.low,conf.high,std.error,z.value,p.value
modeMDC,-1.307,-3.3763461676509827,0.7620863185739604,1.056,-1.238,0.21567343952930232
modeMWH,-4.259,-6.696665690833517,-1.8204486527898043,1.244,-3.423,6.184318994222793e-4
modeMYN,0.304,-1.7645019973702862,2.37338271458653,1.056,0.288,0.7730371780326053
modeMDQ,1.431,-0.5664855694105926,3.4294414913769513,1.019,1.404,0.16024367847733947
