intercept,slope,estimate,conf.low,conf.high,std.error,z.value,p.value
modeMDC,modeMWH,-3.468,-5.3442400427766845,-1.5927145772887203,0.957,-3.624,2.898863559404706e-4
modeMDC,modeMYN,1.563,0.8461346056734165,2.279246356744416,0.366,4.274,1.916879572283703e-5
modeMDC,modeMDQ,2.609,1.8322824977759975,3.3864282822028517,0.396,6.581,4.659781788785346e-11
modeMWH,modeMYN,4.509,2.961396175954271,6.057499666204597,0.79,5.709,1.13414360945343e-8
modeMWH,modeMDQ,5.54,3.9582479047636325,7.122110094799794,0.807,6.864,6.690639250903866e-12
modeMYN,modeMDQ,1.076,0.3648686974800006,1.787299370881197,0.363,2.965,0.0030222329712882626
intercept,genderM,-1.351,-3.511519070085976,0.809120001636191,1.102,-1.226,0.22024210954516502
