intercept,slope,estimate,conf.low,conf.high,std.error,z.value,p.value,p.adj (BH),signif.
modeMDC,modeMWH,0.016,-2.908696751212004,2.940919792789638,1.492,0.011,0.991,0.991,
modeMDC,modeMYN,4.646,2.527708641595006,6.763707826902485,1.081,4.299,1.7e-05,3.7e-05,p<0.0001
modeMDC,modeMDQ,6.778,4.6238901143167315,8.931236643319059,1.099,6.168,6.9e-10,3.2e-09,p<0.0001
modeMWH,modeMYN,4.63,2.512401885150276,6.746792178089763,1.08,4.286,1.8e-05,3.8e-05,p<0.0001
modeMWH,modeMDQ,6.761,4.608619969275453,8.914284352034734,1.098,6.156,7.5e-10,3.2e-09,p<0.0001
modeMYN,modeMDQ,2.132,1.5164631081872697,2.7472510730482895,0.314,6.79,1.1e-11,6.3e-11,p<0.0001
intercept,genderM,1.807,0.22076102519597215,3.3922832696187566,0.809,2.233,0.026,0.036,p<0.05
