intercept,estimate,conf.low,conf.high,std.error,z.value,p.value,p.adj (BH),signif.
modeMDC,-6.093,-9.083019925709513,-3.1021913087406756,1.526,-3.993,6.5e-05,2.6e-04,p<0.001
modeMWH,-6.091,-9.082849743332352,-3.0987565293017196,1.527,-3.99,6.6e-05,2.6e-04,p<0.001
modeMYN,-4.228,-6.391356506637406,-2.064041714159663,1.104,-3.83,1.3e-04,4.3e-04,p<0.001
modeMDQ,-2.027,-3.9296410410215943,-0.12448585814560588,0.971,-2.088,0.037,0.067,
