intercept,estimate,conf.low,conf.high,std.error,z.value,p.value,p.adj (BH),signif.
modeMDC,-5.421,-7.366055772882955,-3.4765104079619005,0.992,-5.464,4.7e-08,3.6e-07,p<0.0001
modeMWH,-5.409,-7.356264182745718,-3.4620630908387566,0.993,-5.445,5.2e-08,3.6e-07,p<0.0001
modeMYN,-1.363,-2.408316276938397,-0.3179227653594052,0.533,-2.556,0.011,0.015,p<0.05
modeMDQ,0.674,-0.33178122141182487,1.6792451164664453,0.513,1.313,0.189,0.196,
