intercept,estimate,conf.low,conf.high,std.error,z.value,p.value,p.adj (BH),signif.
modeMDC,-5.595,-8.317930117887364,-2.871459450544422,1.389,-4.027,5.7e-05,1.6e-04,p<0.001
modeMWH,-5.709,-8.353058199061497,-3.0640712119815356,1.349,-4.231,2.3e-05,8.8e-05,p<0.0001
modeMYN,-3.671,-5.38251241336558,-1.9603496600441,0.873,-4.205,2.6e-05,8.8e-05,p<0.0001
modeMDQ,-1.653,-3.067498372501795,-0.239218738790151,0.722,-2.292,0.022,0.032,p<0.05
