intercept,estimate,conf.low,conf.high,std.error,z.value,p.value,p.adj (BH),signif.
modeMDC,-3.231,-5.456506492393739,-1.006133127269642,1.135,-2.846,0.004,0.007,p<0.01
modeMWH,-3.612,-5.851124436249721,-1.3728888841171392,1.142,-3.162,0.002,0.003,p<0.01
modeMYN,-2.697,-4.908931075710718,-0.4849593554208731,1.129,-2.39,0.017,0.026,p<0.05
modeMDQ,-1.568,-3.758194620780772,0.6214133188646795,1.117,-1.404,0.16,0.205,
