intercept,slope,estimate,conf.low,conf.high,std.error,z.value,p.value
modeMDC,modeMWH,0.684,0.3209403534365415,1.4590182208480136,0.264,-0.982,0.3260709959493876
modeMDC,modeMYN,1.702,0.8500929404063952,3.408887330331441,0.603,1.502,0.13321161795816794
modeMDC,modeMDQ,5.211,2.5943004404572725,10.465413023193438,1.854,4.639,3.4970555962867433e-6
modeMWH,modeMYN,2.488,1.1962223422978835,5.173419204347012,0.929,2.44,0.014704492613006182
modeMWH,modeMDQ,7.615,3.633867916913228,15.955761977251141,2.874,5.379,7.508836204120796e-8
modeMYN,modeMDQ,3.061,1.584220592930083,5.914104812362388,1.029,3.329,8.711796858320179e-4
