intercept,estimate,conf.low,conf.high,std.error,z.value,p.value,p.adj (BH),signif.
modeMDC,0.066,0.02044089093906966,0.21369386990864797,0.04,-4.537,5.7e-06,1.4e-05,p<0.0001
modeMWH,0.046,0.01382456422464121,0.15216520919887092,0.028,-5.037,4.7e-07,1.6e-06,p<0.0001
modeMYN,0.142,0.04554727132785666,0.4440577887994203,0.083,-3.357,7.9e-04,0.001,p<0.01
modeMDQ,0.628,0.20670966645762737,1.9078281018203944,0.356,-0.821,0.412,0.434,
