intercept,slope,estimate,conf.low,conf.high,std.error,z.value,p.value,p.adj (BH),signif.
modeMDC,modeMWH,-1.349,-6.350023016399349,3.6517854961471032,2.552,-0.529,0.597,0.643,
modeMDC,modeMYN,1.929,-0.5726049142113026,4.430458354028765,1.276,1.511,0.131,0.167,
modeMDC,modeMDQ,4.148,1.7708226586288416,6.525050204748634,1.213,3.42,6.3e-04,9.9e-04,p<0.001
modeMWH,modeMYN,1.927,-0.5754594776612585,4.430442451023347,1.277,1.509,0.131,0.167,
modeMWH,modeMDQ,4.146,1.7674815461465174,6.525222606408231,1.214,3.416,6.4e-04,9.9e-04,p<0.001
modeMYN,modeMDQ,2.278,1.1198355491282896,3.4356531734990012,0.591,3.855,1.2e-04,2.3e-04,p<0.001
intercept,genderM,-2.037,-4.9713876142695135,0.8983222388621765,1.497,-1.36,0.174,0.203,
