intercept,slope,estimate,conf.low,conf.high,std.error,z.value,p.value,p.adj (BH),signif.
modeMDC,modeMWH,0,0,Inf,0,-0.005,0.996,0.996,
modeMDC,modeMYN,50.58,12.809716633629415,199.7182727303861,35.442,5.599,2.2e-08,6.0e-08,p<0.0001
modeMDC,modeMDQ,480.754,113.4680611864921,2036.913025556351,354.154,8.383,5.2e-17,3.7e-16,p<0.0001
modeMWH,modeMYN,2169699257.065,0,Inf,7092029152543.612,0.007,0.995,0.996,
modeMWH,modeMDQ,20622512707.664,0,Inf,67408172450012.73,0.007,0.994,0.996,
modeMYN,modeMDQ,9.505,4.982682752770874,18.13102858889177,3.132,6.834,8.3e-12,3.3e-11,p<0.0001
