intercept,estimate,conf.low,conf.high,std.error,z.value,p.value
modeMDC,-3.28,-4.969130440922519,-1.5904202332506052,0.862,-3.805,1.4172100403587968e-4
modeMWH,-3.66,-5.367944479250587,-1.9529947937653724,0.871,-4.202,2.6485526483251223e-5
modeMYN,-2.745,-4.4174912970070634,-1.073394759532434,0.853,-3.218,0.0012900221524680382
modeMDQ,-1.617,-3.267241448098389,0.03395681259837313,0.842,-1.92,0.054903035276318284
