intercept,estimate,conf.low,conf.high,std.error,z.value,p.value
modeMDC,0.042,0.009436186958033676,0.1874770738080156,0.032,-4.155,3.2473866570670614e-5
modeMWH,0.029,0.006326823527474964,0.13093907138062946,0.022,-4.59,4.429171988859083e-6
modeMYN,0.072,0.016380273082593013,0.3129778727167753,0.054,-3.503,4.592089227016652e-4
modeMDQ,0.219,0.0513516025863919,0.9353381531775613,0.162,-2.05,0.040339810086621804
