intercept,slope,estimate,conf.low,conf.high,std.error,z.value,p.value,p.adj (BH),signif.
modeMDC,modeMWH,-0.416,-1.2086438680919191,0.3775805653918297,0.405,-1.027,0.304,0.356,
modeMDC,modeMYN,0.603,-0.12831406626774144,1.33415851254535,0.373,1.616,0.106,0.139,
modeMDC,modeMDQ,1.798,1.058770651164209,2.5373710940959757,0.377,4.767,1.9e-06,5.6e-06,p<0.0001
modeMWH,modeMYN,1.018,0.24753581650819756,1.7893693059621634,0.393,2.589,0.01,0.015,p<0.05
modeMWH,modeMDQ,2.214,1.4285417828609583,2.9986620582690806,0.401,5.526,3.3e-08,1.5e-07,p<0.0001
modeMYN,modeMDQ,1.195,0.4990522058333159,1.8912830464686936,0.355,3.365,7.7e-04,0.001,p<0.01
intercept,genderM,-0.192,-3.834658113853663,3.451170080928488,1.859,-0.103,0.918,0.947,
