intercept,slope,estimate,conf.low,conf.high,std.error,z.value,p.value
modeMDC,modeMWH,1.012,0.0431455724124196,23.72250274285304,1.628,0.007,0.9942379175185193
modeMDC,modeMYN,245.442,18.092571529949222,3329.6294147675635,326.538,4.136,3.5285790623088305e-5
modeMDC,modeMDQ,2304.644,164.2612144095694,32334.977740453276,3105.71,5.746,9.160314625363176e-9
modeMWH,modeMYN,242.605,17.77653690706181,3310.947312112271,323.507,4.118,3.8192481582367723e-5
modeMWH,modeMDQ,2278.009,161.41375822615274,32149.207450447815,3076.631,5.724,1.0388910747085042e-8
modeMYN,modeMDQ,9.39,4.936809949131932,17.859339283381804,3.08,6.828,8.626116954285346e-12
