intercept,estimate,conf.low,conf.high,std.error,z.value,p.value
modeMDC,-3.526,-6.455118693125284,-0.5975167323845816,1.494,-2.36,0.018283592423482875
modeMWH,-3.942,-6.883375769709771,-1.0003576113295778,1.501,-2.627,0.008626427423526645
modeMYN,-2.923,-5.83902750925207,-0.007725385237344895,1.488,-1.965,0.049396050986895784
modeMDQ,-1.728,-4.623205426218733,1.1666007774192158,1.477,-1.17,0.241949026503361
