intercept,estimate,conf.low,conf.high,std.error,z.value,p.value,p.adj (BH),signif.
modeMDC,0.042,0.00943618695803367,0.1874770738080156,0.032,-4.155,3.2e-05,7.8e-05,p<0.0001
modeMWH,0.029,0.00632682352747496,0.13093907138062946,0.022,-4.59,4.4e-06,1.3e-05,p<0.0001
modeMYN,0.072,0.01638027308259301,0.3129778727167753,0.054,-3.503,4.6e-04,9.2e-04,p<0.001
modeMDQ,0.219,0.0513516025863919,0.9353381531775612,0.162,-2.05,0.04,0.054,
