intercept,estimate,conf.low,conf.high,std.error,z.value,p.value,p.adj (BH),signif.
modeMDC,-6.39,-8.508199981869208,-4.271249548637325,1.081,-5.912,3.4e-09,4.5e-08,p<0.0001
modeMWH,-6.38,-8.500684135226365,-4.2589896902772475,1.082,-5.896,3.7e-09,4.5e-08,p<0.0001
modeMYN,-2.205,-3.464122846916932,-0.945911700862652,0.642,-3.432,6.0e-04,0.002,p<0.01
modeMDQ,-0.069,-1.2223273015107257,1.0834200056486587,0.588,-0.118,0.906,0.963,
