intercept,estimate,std.error,2.5% CI,97.5% CI,z.value,p.value
modeMDC,-2.691,0.591,-3.849,-1.532,-4.552,5.3021430442895534e-6
modeMWH,-2.977,0.601,-4.155,-1.799,-4.952,7.34738596678147e-7
modeMYN,-1.931,0.573,-3.054,-0.808,-3.369,7.542026883368387e-4
modeMDQ,-0.463,0.559,-1.559,0.634,-0.827,0.4082155263923638
