intercept,estimate,conf.low,conf.high,std.error,z.value,p.value,p.adj (BH),signif.
modeMDC,-3.299,-5.006307516568652,-1.5921540783183283,0.871,-3.788,1.5e-04,2.8e-04,p<0.001
modeMWH,-3.681,-5.40593815776023,-1.955580183189758,0.88,-4.182,2.9e-05,6.8e-05,p<0.0001
modeMYN,-2.69,-4.380471662410805,-0.9989773572728132,0.863,-3.118,0.002,0.003,p<0.01
modeMDQ,-1.427,-3.0996789906929356,0.24519190663493173,0.853,-1.673,0.094,0.102,
