intercept,estimate,conf.low,conf.high,std.error,z.value,p.value,p.adj (BH),signif.
modeMDC,-3.21,-5.459378516774255,-0.9598990405878952,1.148,-2.796,0.005,0.008,p<0.01
modeMWH,-3.591,-5.854660863620332,-1.3276616798932213,1.155,-3.11,0.002,0.004,p<0.01
modeMYN,-2.6,-4.838223752811142,-0.3618155338944362,1.142,-2.277,0.023,0.032,p<0.05
modeMDQ,-1.338,-3.5568575085400083,0.8809741186753672,1.132,-1.182,0.237,0.292,
