intercept,estimate,conf.low,conf.high,std.error,z.value,p.value,p.adj (BH),signif.
modeMDC,-6.352,-8.39119502622197,-4.312842257269658,1.04,-6.105,1.0e-09,1.2e-08,p<0.0001
modeMWH,-6.341,-8.382935845082514,-4.299041135253262,1.042,-6.086,1.2e-09,1.2e-08,p<0.0001
modeMYN,-2.179,-3.310363370877601,-1.0483463955026235,0.577,-3.777,1.6e-04,3.9e-04,p<0.001
modeMDQ,-0.072,-1.0983982720416705,0.9535653221021244,0.523,-0.138,0.89,0.935,
