intercept,slope,estimate,conf.low,conf.high,std.error,z.value,p.value,p.adj (BH),signif.
modeMDC,modeMWH,-1.7,-6.0046913473904535,2.605552644101976,2.197,-0.774,0.439,0.492,
modeMDC,modeMYN,4.227,2.4625573129300418,5.990973513473429,0.9,4.696,2.7e-06,7.8e-06,p<0.0001
modeMDC,modeMDQ,6.341,4.534964294405455,8.146651664407988,0.921,6.882,5.9e-12,4.3e-11,p<0.0001
modeMWH,modeMYN,4.216,2.4485951062315134,5.982708833226344,0.902,4.676,2.9e-06,8.2e-06,p<0.0001
modeMWH,modeMDQ,6.33,4.521263997525041,8.138499414589509,0.923,6.86,6.9e-12,4.3e-11,p<0.0001
modeMYN,modeMDQ,2.18,1.5581523881635162,2.802481796827619,0.317,6.869,6.5e-12,4.3e-11,p<0.0001
intercept,genderM,1.684,0.14059232661322918,3.226985144702714,0.787,2.139,0.032,0.044,p<0.05
