intercept,estimate,std.error,2.5% CI,97.5% CI,z.value,p.value
modeMDC,0.004186040415850672,0.933,6.714976779576741e-4,0.02606921924221897,-5.868,4.41536681843711e-9
modeMWH,1.0088902152391331e-10,3206.432,0,Inf,-0.007,0.9942724254006837
modeMYN,0.22201729383194943,0.68,0.0585426342257016,0.8419791731684999,-2.213,0.026929164751783256
modeMDQ,5.49588703132045,0.684,1.4390742141580464,20.989031673191437,2.492,0.012686956410282968
