intercept,slope,estimate,conf.low,conf.high,std.error,z.value,p.value,p.adj (BH),signif.
modeMDC,modeMWH,-1.445,-6.331305585750123,3.440642325063792,2.493,-0.58,0.562,0.617,
modeMDC,modeMYN,1.982,-0.5663070629436464,4.530242511966485,1.3,1.524,0.127,0.159,
modeMDC,modeMDQ,4.013,1.599742625978274,6.4259365598051055,1.231,3.259,0.001,0.002,p<0.01
modeMWH,modeMYN,2.097,-0.36495694857255945,4.558784257368585,1.256,1.669,0.095,0.124,
modeMWH,modeMDQ,4.129,1.8028982055795568,6.454170007293675,1.187,3.479,5.0e-04,9.1e-04,p<0.001
modeMYN,modeMDQ,2.097,0.9470036477774524,3.247440753793672,0.587,3.574,3.5e-04,6.6e-04,p<0.001
intercept,genderM,-1.539,-4.160163488602095,1.08280166195939,1.338,-1.15,0.25,0.298,
