intercept,estimate,conf.low,conf.high,std.error,z.value,p.value
modeMDC,0.003,2.3679523913619095e-4,0.030964001833274298,0.003,-4.755,1.984082765631936e-6
modeMWH,0.002,2.0258847302721009e-4,0.02641500871561681,0.003,-4.885,1.036549772015205e-6
modeMYN,0.022,0.005007347142170683,0.09614939057962489,0.017,-5.067,4.0513374288357013e-7
modeMDQ,0.158,0.04392731453895428,0.5707951768319403,0.104,-2.817,0.004846645269404337
