intercept,slope,estimate,conf.low,conf.high,std.error,z.value,p.value,p.adj (BH),signif.
modeMDC,modeMWH,-0.382,-1.1407547215725098,0.3776914274773466,0.387,-0.985,0.325,0.35,
modeMDC,modeMYN,0.61,-0.09245357630918648,1.3114631269088397,0.358,1.702,0.089,0.113,
modeMDC,modeMDQ,1.872,1.1537995121902354,2.590213359543139,0.366,5.109,3.2e-07,9.7e-07,p<0.0001
modeMWH,modeMYN,0.991,0.2513507689725949,1.730727100873877,0.377,2.626,0.009,0.012,p<0.05
modeMWH,modeMDQ,2.254,1.4932194983004798,3.0138632881700307,0.388,5.809,6.3e-09,2.4e-08,p<0.0001
modeMYN,modeMDQ,1.263,0.5787717531272776,1.9462283461291017,0.349,3.619,3.0e-04,5.0e-04,p<0.001
