intercept,slope,estimate,conf.low,conf.high,std.error,z.value,p.value,p.adj (BH),signif.
modeMDC,modeMWH,-0.381,-1.1388827362119451,0.3774621165516685,0.387,-0.984,0.325,0.371,
modeMDC,modeMYN,0.534,-0.1613876785185191,1.230141768661848,0.355,1.505,0.132,0.161,
modeMDC,modeMDQ,1.663,0.9626005911331506,2.3632890937603626,0.357,4.654,3.3e-06,8.7e-06,p<0.0001
modeMWH,modeMYN,0.915,0.1816120518727744,1.648565928216395,0.374,2.445,0.014,0.021,p<0.05
modeMWH,modeMDQ,2.044,1.3009956443165502,2.786311442297445,0.379,5.393,6.9e-08,2.4e-07,p<0.0001
modeMYN,modeMDQ,1.129,0.46681606791929087,1.7903171104793327,0.338,3.343,8.3e-04,0.001,p<0.01
intercept,genderM,-0.111,-3.3759764611060543,3.1532671894054447,1.666,-0.067,0.947,0.982,
