intercept,slope,estimate,conf.low,conf.high,std.error,z.value,p.value,p.adj (BH),signif.
modeMDC,modeMWH,0,0,Inf,0,-0.005,0.996,0.996,
modeMDC,modeMYN,53.077,12.95246322070087,217.5012801326025,38.196,5.519,3.4e-08,7.9e-08,p<0.0001
modeMDC,modeMDQ,1313.919,276.06200091666204,6253.602385350876,1045.887,9.021,1.9e-19,1.4e-18,p<0.0001
modeMWH,modeMYN,2202119541.835,0,Inf,7060947541410.933,0.007,0.995,0.996,
modeMWH,modeMDQ,54513470594.593,0,Inf,174793761669832.1,0.008,0.994,0.996,
modeMYN,modeMDQ,24.755,11.037804702576691,55.51885797511213,10.201,7.787,6.9e-15,3.4e-14,p<0.0001
