intercept,slope,estimate,conf.low,conf.high,std.error,z.value,p.value,p.adj (BH),signif.
modeMDC,modeMWH,-1.705,-6.037450998638302,2.626685935221693,2.21,-0.772,0.44,0.5,
modeMDC,modeMYN,4.243,2.47018124883657,6.015887905631041,0.905,4.691,2.7e-06,7.6e-06,p<0.0001
modeMDC,modeMDQ,6.388,4.5709439268768435,8.20430626552816,0.927,6.891,5.5e-12,4.5e-11,p<0.0001
modeMWH,modeMYN,4.233,2.4576563140784073,6.008533245097857,0.906,4.673,3.0e-06,7.8e-06,p<0.0001
modeMWH,modeMDQ,6.378,4.558576825745646,8.19704479692341,0.928,6.871,6.4e-12,4.5e-11,p<0.0001
modeMYN,modeMDQ,2.213,1.5849610603737991,2.840122467592363,0.32,6.91,4.9e-12,4.5e-11,p<0.0001
intercept,genderM,1.699,0.11599758777169789,3.2819341989940884,0.808,2.104,0.035,0.051,
