intercept,slope,estimate,conf.low,conf.high,std.error,z.value,p.value
modeMDC,modeMWH,-1.964,-6.693876993280037,2.765323616400714,2.413,-0.814,0.4156429019070936
modeMDC,modeMYN,4.186,2.4536745097252872,5.918801787878314,0.884,4.736,2.183162258740497e-6
modeMDC,modeMDQ,6.298,4.525688443071065,8.071220558862725,0.904,6.964,3.3180478707947818e-12
modeMWH,modeMYN,4.174,2.43869420845226,5.90894046295435,0.885,4.715,2.4210369010889636e-6
modeMWH,modeMDQ,6.286,4.511003665817283,8.061446719699367,0.906,6.94,3.90948406114633e-12
modeMYN,modeMDQ,2.167,1.5483132287252597,2.7859800076871375,0.316,6.864,6.706713790156409e-12
