intercept,estimate,conf.low,conf.high,std.error,z.value,p.value
modeMDC,-6.39,-8.508200072739967,-4.271249607347692,1.081,-5.912,3.3874962152964143e-9
modeMWH,-6.38,-8.50068432698268,-4.258989685435122,1.082,-5.896,3.727009776340664e-9
modeMYN,-2.205,-3.4641200524528184,-0.9459166659125415,0.642,-3.432,5.982365757785728e-4
modeMDQ,-0.069,-1.2223271701754659,1.0834200002537695,0.588,-0.118,0.9060075608163786
