intercept,estimate,std.error,2.5% CI,97.5% CI,z.value,p.value,p.adj (BH),signif.
modeMDC,0.06607267542273594,0.599,0.02044534603793765,0.2137389218736616,-4.537,5.70e-06,1.42e-05,p<0.0001
modeMWH,0.04586742999301104,0.612,0.01382882634341754,0.15213302140894833,-5.037,4.73e-07,1.58e-06,p<0.0001
modeMYN,0.1422740715865136,0.581,0.04554747911758895,0.44396923921378006,-3.357,7.87e-04,0.0014,p<0.01
modeMDQ,0.6281351051896408,0.567,0.20680064859775515,1.9078939696124533,-0.821,0.4119,0.4336,
