intercept,slope,estimate,conf.low,conf.high,std.error,z.value,p.value,p.adj (BH),signif.
modeMDC,modeMWH,-0.382,-1.140831747710804,0.37773973596373017,0.387,-0.985,0.325,0.371,
modeMDC,modeMYN,0.61,-0.09237838812998544,1.3116256797713288,0.358,1.702,0.089,0.118,
modeMDC,modeMDQ,1.872,1.1535961751148744,2.5900400350838866,0.366,5.108,3.3e-07,1.1e-06,p<0.0001
modeMWH,modeMYN,0.991,0.25142939173027623,1.7309293699025132,0.377,2.626,0.009,0.013,p<0.05
modeMWH,modeMDQ,2.253,1.4930093381587226,3.0137269531164175,0.388,5.808,6.3e-09,2.5e-08,p<0.0001
modeMYN,modeMDQ,1.262,0.578469247715714,1.945910093884483,0.349,3.618,3.0e-04,5.7e-04,p<0.001
intercept,genderM,-0.208,-3.5132013672281186,3.097995958143878,1.687,-0.123,0.902,0.953,
