intercept,slope,estimate,std.error,2.5% CI,97.5% CI,z.value,p.value,p.adj (BH),signif.
modeMDC,modeMWH,0.6941966508779789,0.38,0.32922956683868165,1.4622845894342245,-0.961,0.3367,0.3885,
modeMDC,modeMYN,2.1511444438853182,0.34,1.1051709180756475,4.191254112463637,2.253,0.0243,0.0304,p<0.05
modeMDC,modeMDQ,9.497228317644486,0.346,4.825913291058056,18.708912226870996,6.515,7.27e-11,1.98e-10,p<0.0001
modeMWH,modeMYN,3.101854008567567,0.361,1.5280615937840571,6.2902448699855995,3.134,0.0017,0.0024,p<0.01
modeMWH,modeMDQ,13.694578163314398,0.369,6.645899181393959,28.190921683564543,7.097,1.28e-12,4.80e-12,p<0.0001
modeMYN,modeMDQ,4.414965412778578,0.313,2.391689452237172,8.149853894199554,4.749,2.04e-06,4.08e-06,p<0.0001
