intercept,slope,estimate,conf.low,conf.high,std.error,z.value,p.value,p.adj (BH),signif.
modeMDC,modeMWH,-1.964,-6.693876993280037,2.765323616400714,2.413,-0.814,0.416,0.436,
modeMDC,modeMYN,4.186,2.4536745097252872,5.918801787878314,0.884,4.736,2.2e-06,5.7e-06,p<0.0001
modeMDC,modeMDQ,6.298,4.525688443071065,8.071220558862725,0.904,6.964,3.3e-12,2.3e-11,p<0.0001
modeMWH,modeMYN,4.174,2.43869420845226,5.90894046295435,0.885,4.715,2.4e-06,6.0e-06,p<0.0001
modeMWH,modeMDQ,6.286,4.511003665817283,8.061446719699367,0.906,6.94,3.9e-12,2.3e-11,p<0.0001
modeMYN,modeMDQ,2.167,1.5483132287252597,2.7859800076871375,0.316,6.864,6.7e-12,3.2e-11,p<0.0001
