intercept,slope,estimate,conf.low,conf.high,std.error,z.value,p.value
modeMDC,modeMWH,-1.839,-6.847888073361954,3.169335161671247,2.555,-0.72,0.47168294332867683
modeMDC,modeMYN,1.719,-0.5536827539858866,3.9911733921690287,1.159,1.482,0.13823020216227377
modeMDC,modeMDQ,3.773,1.6486277285039068,5.897727606217696,1.084,3.481,4.997790525957094e-4
modeMWH,modeMYN,1.843,-0.37565505475666616,4.06214781925155,1.132,1.628,0.10349383379665403
modeMWH,modeMDQ,3.898,1.8270202629434005,5.968009093629408,1.056,3.689,2.2473820554692745e-4
modeMYN,modeMDQ,2.031,0.9209970908975782,3.1405045486542464,0.566,3.587,3.350688390849814e-4
