intercept,slope,estimate,std.error,2.5% CI,97.5% CI,z.value,p.value
modeMDC,modeMWH,-1.453,1.193,-3.79,0.885,-1.218,0.22321664612580217
modeMDC,modeMYN,3.863,0.672,2.547,5.179,5.752,8.79691092492995e-9
modeMDC,modeMDQ,7.051,0.753,5.575,8.527,9.363,7.739528319310765e-21
modeMWH,modeMYN,5.316,1.135,3.091,7.54,4.684,2.8123645467312756e-6
modeMWH,modeMDQ,8.504,1.185,6.18,10.827,7.174,7.305612290332274e-13
modeMYN,modeMDQ,3.188,0.411,2.382,3.994,7.75,9.219517183832828e-15
