intercept,estimate,conf.low,conf.high,std.error,z.value,p.value,p.adj (BH),signif.
modeMDC,0.004,6.716840216250358e-4,0.02606316313460137,0.004,-5.868,4.4e-09,2.9e-08,p<0.0001
modeMWH,0,0,Inf,0,-0.007,0.994,0.994,
modeMYN,0.222,0.05856109989814492,0.8421671568120649,0.151,-2.213,0.027,0.036,p<0.05
modeMDQ,5.497,1.4392151326906697,20.999284260302787,3.759,2.492,0.013,0.02,p<0.05
