intercept,slope,estimate,conf.low,conf.high,std.error,z.value,p.value,p.adj (BH),signif.
modeMDC,modeMWH,0.684,0.3209403534365415,1.4590182208480136,0.264,-0.982,0.326,0.379,
modeMDC,modeMYN,1.702,0.8500929404063952,3.408887330331441,0.603,1.502,0.133,0.16,
modeMDC,modeMDQ,5.211,2.5943004404572725,10.465413023193438,1.854,4.639,3.5e-06,7.4e-06,p<0.0001
modeMWH,modeMYN,2.488,1.1962223422978835,5.173419204347012,0.929,2.44,0.015,0.02,p<0.05
modeMWH,modeMDQ,7.615,3.633867916913228,15.95576197725114,2.874,5.379,7.5e-08,1.9e-07,p<0.0001
modeMYN,modeMDQ,3.061,1.584220592930083,5.914104812362388,1.029,3.329,8.7e-04,0.001,p<0.01
