intercept,estimate,conf.low,conf.high,std.error,z.value,p.value,p.adj (BH),signif.
modeMDC,0.005,9.97285203976691e-4,0.02841624326008704,0.005,-6.127,9.0e-10,1.0e-08,p<0.0001
modeMWH,0,0,Inf,0,-0.007,0.994,0.994,
modeMYN,0.269,0.08551208990238882,0.8478421226327816,0.158,-2.242,0.025,0.035,p<0.05
modeMDQ,2.559,0.8222900726513315,7.965480237368202,1.483,1.622,0.105,0.12,
