intercept,estimate,conf.low,conf.high,std.error,z.value,p.value
modeMDC,0.042,0.009374326935948625,0.1853312120641028,0.032,-4.174,2.9911579346983384e-5
modeMWH,0.028,0.006255717522728371,0.12895050953326642,0.022,-4.613,3.96025551196637e-6
modeMYN,0.076,0.017403616897717113,0.3311163153608239,0.057,-3.431,6.019070730348904e-4
modeMDQ,0.205,0.04742221072096701,0.8843691756587918,0.153,-2.125,0.03362017435339453
