intercept,estimate,std.error,2.5% CI,97.5% CI,z.value,p.value
modeMDC,-5.342,0.898,-7.103,-3.582,-5.949,2.6985106033755464e-9
modeMWH,-6.795,1.282,-9.307,-4.283,-5.301,1.1485924904310547e-7
modeMYN,-1.479,0.673,-2.798,-0.161,-2.199,0.027876776425063237
modeMDQ,1.709,0.677,0.381,3.036,2.523,0.011647439846801638
