intercept,slope,estimate,std.error,2.5% CI,97.5% CI,z.value,p.value
modeMDC,modeMWH,-0.286,0.375,-1.02,0.448,-0.764,0.4450647385584672
modeMDC,modeMYN,0.76,0.339,0.096,1.424,2.243,0.024907020974613545
modeMDC,modeMDQ,2.228,0.343,1.556,2.9,6.498,8.164607868524122e-11
modeMWH,modeMYN,1.046,0.355,0.351,1.741,2.949,0.003190931499735938
modeMWH,modeMDQ,2.514,0.361,1.807,3.221,6.969,3.1874696647675765e-12
modeMYN,modeMDQ,1.468,0.31,0.86,2.076,4.734,2.1961579094955735e-6
