intercept,slope,estimate,conf.low,conf.high,std.error,z.value,p.value,p.adj (BH),signif.
modeMDC,modeMWH,-0.416,-1.208643871541269,0.3775805603287757,0.405,-1.027,0.304,0.355,
modeMDC,modeMYN,0.603,-0.1283140773658331,1.334158500537514,0.373,1.616,0.106,0.143,
modeMDC,modeMDQ,1.798,1.0587706413402458,2.53737108283508,0.377,4.767,1.9e-06,5.5e-06,p<0.0001
modeMWH,modeMYN,1.018,0.2475314968164226,1.7893648417739558,0.393,2.589,0.01,0.015,p<0.05
modeMWH,modeMDQ,2.214,1.4285409436478975,2.998660858467928,0.401,5.526,3.3e-08,1.4e-07,p<0.0001
modeMYN,modeMDQ,1.195,0.4990517081919018,1.891282464580041,0.355,3.365,7.7e-04,0.001,p<0.01
intercept,genderM,-0.192,-3.8346578845312167,3.4511703461440333,1.859,-0.103,0.918,0.947,
