intercept,slope,estimate,conf.low,conf.high,std.error,z.value,p.value
modeMDC,modeMWH,-1.705,-6.037451307462292,2.626686071362484,2.21,-0.772,0.4403699315499126
modeMDC,modeMYN,4.243,2.470181257065243,6.015887962775879,0.905,4.691,2.7206798124627723e-6
modeMDC,modeMDQ,6.388,4.570943929259529,8.204306315375332,0.927,6.891,5.523773914610623e-12
modeMWH,modeMYN,4.233,2.457656310206845,6.0085335509769475,0.906,4.673,2.9675935273883325e-6
modeMWH,modeMDQ,6.378,4.5585769438979025,8.197045224923475,0.928,6.871,6.3674268790268734e-12
modeMYN,modeMDQ,2.213,1.5849636597631942,2.840125554932876,0.32,6.91,4.850708927595415e-12
intercept,genderM,1.699,0.11599761839767897,3.281934215602867,0.808,2.104,0.03541446279132384
