intercept,estimate,conf.low,conf.high,std.error,z.value,p.value
modeMDC,0.002,1.0086159652743061e-4,0.03729939450199016,0.003,-4.14,3.469840070657698e-5
modeMWH,0.002,1.0150539281796189e-4,0.0379345805294204,0.003,-4.125,3.704692230026314e-5
modeMYN,0.476,0.08845773264349892,2.562087361896759,0.409,-0.864,0.38740563591418775
modeMDQ,4.47,0.8327516609007316,23.994914400543053,3.833,1.746,0.08072418604708498
