intercept,slope,estimate,std.error,2.5% CI,97.5% CI,z.value,p.value
modeMDC,modeMWH,2.1036643316366135e-8,3432.151,0,Inf,-0.005,0.9958905823552952
modeMDC,modeMYN,53.090605941098566,0.72,12.948759602923785,217.4567543098559,5.519,3.407244469071214e-8
modeMDC,modeMDQ,1314.221823176909,0.796,276.1654106087019,6254.146732958076,9.021,1.8638838952438885e-19
modeMWH,modeMYN,2202810759.9275746,3206.432,0,Inf,0.007,0.994646850765198
modeMWH,modeMDQ,54529081401.66208,3206.432,0,Inf,0.008,0.993848341271766
modeMYN,modeMDQ,24.754319523777408,0.412,11.034205070448087,55.53425291382437,7.787,6.860161232946496e-15
