intercept,slope,estimate,std.error,2.5% CI,97.5% CI,z.value,p.value
modeMDC,modeMWH,1.877,1.137,-0.351,4.105,1.651,0.09872180373188517
modeMDC,modeMYN,4.719,1.074,2.613,6.825,4.392,1.1242653412495536e-5
modeMDC,modeMDQ,7.592,1.111,5.414,9.77,6.832,8.355882823389915e-12
modeMWH,modeMYN,2.842,0.495,1.871,3.813,5.737,9.610804178535708e-9
modeMWH,modeMDQ,5.715,0.57,4.599,6.832,10.031,1.108333916068262e-23
modeMYN,modeMDQ,2.874,0.37,2.148,3.599,7.764,8.198059269301407e-15
