intercept,slope,estimate,conf.low,conf.high,std.error,z.value,p.value,p.adj (BH),signif.
modeMDC,modeMWH,0.018,0.00230654580820889,0.14063639923558222,0.019,-3.831,1.3e-04,2.1e-04,p<0.001
modeMDC,modeMYN,2.166,1.252549805815426,3.744643696161445,0.605,2.766,0.006,0.008,p<0.01
modeMDC,modeMDQ,2.191,1.258067201343774,3.815862484963376,0.62,2.771,0.006,0.008,p<0.01
modeMWH,modeMYN,120.247,15.469925370778974,934.6747768043448,125.811,4.578,4.7e-06,8.9e-06,p<0.0001
modeMWH,modeMDQ,121.652,15.625477175467426,947.12445117237,127.381,4.585,4.5e-06,8.9e-06,p<0.0001
modeMYN,modeMDQ,1.012,0.5974898952458619,1.7130106400227822,0.272,0.043,0.966,0.996,
