intercept,estimate,std.error,2.5% CI,97.5% CI,z.value,p.value
modeMDC,-6.191,1.189,-8.523,-3.86,-5.205,1.939833771795464e-7
modeMWH,-4.314,0.711,-5.708,-2.921,-6.07,1.2830461892578333e-9
modeMYN,-1.473,0.578,-2.605,-0.34,-2.548,0.010843999288930064
modeMDQ,1.401,0.581,0.262,2.54,2.411,0.015924410704628897
