intercept,estimate,conf.low,conf.high,std.error,z.value,p.value,p.adj (BH),signif.
modeMDC,-0.85,-1.9857846396294367,0.2859817655497201,0.58,-1.467,0.143,0.19,
modeMWH,-4.872,-7.149702723029359,-2.5949335299467857,1.162,-4.193,2.8e-05,8.8e-05,p<0.0001
modeMYN,-0.072,-1.1972978846798223,1.052772155259763,0.574,-0.126,0.9,0.935,
modeMDQ,-0.068,-1.1938751531191922,1.0572901096857188,0.574,-0.119,0.905,0.935,
