intercept,estimate,conf.low,conf.high,std.error,z.value,p.value
modeMDC,0.165,0.0586288325076672,0.46711569973451833,0.088,-3.398,6.795990725709807e-4
modeMWH,0.003,3.1939402720153245e-4,0.027814612663221407,0.003,-5.104,3.333859132003226e-7
modeMYN,0.358,0.12942946631876126,0.9924526358794006,0.186,-1.975,0.04832007494540617
modeMDQ,0.363,0.13030593856526118,1.0089473203317887,0.189,-1.943,0.05202769243264237
