intercept,estimate,conf.low,conf.high,std.error,z.value,p.value,p.adj (BH),signif.
modeMDC,0.165,0.0586288325076672,0.46711569973451833,0.088,-3.398,6.8e-04,0.001,p<0.01
modeMWH,0.003,3.1939402720153245e-4,0.0278146126632214,0.003,-5.104,3.3e-07,1.3e-06,p<0.0001
modeMYN,0.358,0.12942946631876126,0.9924526358794006,0.186,-1.975,0.048,0.06,
modeMDQ,0.363,0.13030593856526118,1.008947320331789,0.189,-1.943,0.052,0.061,
