intercept,slope,estimate,std.error,2.5% CI,97.5% CI,z.value,p.value,p.adj (BH),signif.
modeMDC,modeMWH,6.533873808907788,1.137,0.703983753855621,60.64274454760603,1.651,0.0987,0.1184,
modeMDC,modeMYN,112.05614048057772,1.074,13.639909261356904,920.5764040510802,4.392,1.12e-05,1.77e-05,p<0.0001
modeMDC,modeMDQ,1982.274100039692,1.111,224.5279054717605,17500.767218364235,6.832,8.36e-12,2.79e-11,p<0.0001
modeMWH,modeMYN,17.150031322583683,0.495,6.494787940915851,45.28609356322203,5.737,9.61e-09,2.40e-08,p<0.0001
modeMWH,modeMDQ,303.3842033094074,0.57,99.38488105187314,927.0430457198462,10.031,1.11e-23,1.11e-22,p<0.0001
modeMYN,modeMDQ,17.707707557098743,0.37,8.567705838659577,36.561654502253354,7.764,8.20e-15,3.51e-14,p<0.0001
