intercept,estimate,conf.low,conf.high,std.error,z.value,p.value,p.adj (BH),signif.
modeMDC,-1.686,-3.5377964769298753,0.16527820747914346,0.945,-1.785,0.074,0.105,
modeMWH,-5.93,-8.707142802373111,-3.1536797058988495,1.417,-4.186,2.8e-05,2.3e-04,p<0.001
modeMYN,0.38,-1.4522622538084182,2.2122981384339617,0.935,0.406,0.684,0.782,
modeMDQ,1.887,0.02871635123940708,3.745079089554485,0.948,1.99,0.047,0.085,
