intercept,estimate,conf.low,conf.high,std.error,z.value,p.value,p.adj (BH),signif.
modeMDC,-1.479,-2.24146937759296,-0.7173391266562141,0.389,-3.805,1.4e-04,2.8e-04,p<0.001
modeMWH,-3.508,-4.543522090546328,-2.472069685658676,0.528,-6.638,3.2e-11,8.9e-10,p<0.0001
modeMYN,0.32,-0.41186197672326386,1.051306016720102,0.373,0.857,0.392,0.392,
modeMDQ,1.776,0.9836649438357346,2.5683175984470603,0.404,4.393,1.1e-05,3.1e-05,p<0.0001
