intercept,slope,estimate,conf.low,conf.high,std.error,z.value,p.value
modeMDC,modeMWH,0.133,0.05469904390553316,0.32155853586352623,0.06,-4.471,7.794249948504665e-6
modeMDC,modeMYN,5.969,3.512090099318126,10.145664993377991,1.615,6.602,4.061050235533694e-11
modeMDC,modeMDQ,25.283,13.510400723006683,47.31268486827807,8.084,10.103,5.377144756205414e-24
modeMWH,modeMYN,45.01,18.63900154744405,108.69035988886131,20.246,8.463,2.6016020496132083e-17
modeMWH,modeMDQ,190.632,74.0216895365677,490.9422575137197,92.009,10.878,1.4663522866045063e-27
modeMYN,modeMDQ,4.235,2.3993353922733767,7.476207152990208,1.228,4.979,6.407298271212834e-7
