intercept,slope,estimate,std.error,2.5% CI,97.5% CI,z.value,p.value
modeMDC,modeMWH,-4.017,1.049,-6.072,-1.962,-3.831,1.2781473823534706e-4
modeMDC,modeMYN,0.773,0.279,0.225,1.32,2.766,0.005675360200406988
modeMDC,modeMDQ,0.784,0.283,0.23,1.339,2.771,0.0055883487134735415
modeMWH,modeMYN,4.79,1.046,2.739,6.84,4.578,4.700289061391717e-6
modeMWH,modeMDQ,4.801,1.047,2.749,6.853,4.585,4.534745480736885e-6
modeMYN,modeMDQ,0.012,0.269,-0.515,0.538,0.043,0.9655136856833404
