intercept,slope,estimate,std.error,2.5% CI,97.5% CI,z.value,p.value,p.adj (BH),signif.
modeMDC,modeMWH,0.01800690470351255,1.049,0.00230655548344732,0.1405769856083274,-3.831,1.28e-04,1.92e-04,p<0.001
modeMDC,modeMYN,2.1662552812206535,0.279,1.2523227161918644,3.743421377260862,2.766,0.0057,0.0074,p<0.01
modeMDC,modeMDQ,2.190215629630643,0.283,1.2586000099294778,3.815226370746374,2.771,0.0056,0.0074,p<0.01
modeMWH,modeMYN,120.30136866321548,1.046,15.47150585215562,934.48913472921,4.578,4.70e-06,8.29e-06,p<0.0001
modeMWH,modeMDQ,121.6319887117192,1.047,15.626997071013474,946.7168011063244,4.585,4.53e-06,8.29e-06,p<0.0001
modeMYN,modeMDQ,1.0120722888660778,0.269,0.5975005946182375,1.7125782781873475,0.043,0.9655,0.9959,
