intercept,estimate,std.error,2.5% CI,97.5% CI,z.value,p.value
modeMDC,-1.468,0.362,-2.179,-0.758,-4.052,5.087116959818524e-5
modeMWH,-3.489,0.509,-4.485,-2.492,-6.86,6.867200630629753e-12
modeMYN,0.318,0.346,-0.359,0.996,0.921,0.3572740336181354
modeMDQ,1.762,0.378,1.02,2.504,4.655,3.2392937075195092e-6
