intercept,estimate,std.error,2.5% CI,97.5% CI,z.value,p.value,p.adj (BH),signif.
modeMDC,0.00204777795109478,1.189,1.9884200366863987e-4,0.02106799952304143,-5.205,1.94e-07,9.70e-07,p<0.0001
modeMWH,0.01337992272111706,0.711,0.00331930451975388,0.05387978057091262,-6.07,1.28e-09,1.28e-08,p<0.0001
modeMYN,0.22923674236195785,0.578,0.07390313719755595,0.7117703227626097,-2.548,0.0108,0.018,p<0.05
modeMDQ,4.059257195087539,0.581,1.2995265424293818,12.679670970833875,2.411,0.0159,0.0227,p<0.05
