intercept,slope,estimate,conf.low,conf.high,std.error,z.value,p.value,p.adj (BH),signif.
modeMDC,modeMWH,-4.295,-6.407163255754869,-2.183424531335836,1.078,-3.986,6.7e-05,1.6e-04,p<0.001
modeMDC,modeMYN,0.905,0.3079352067937331,1.5030033008217076,0.305,2.97,0.003,0.005,p<0.01
modeMDC,modeMDQ,0.925,0.3229267647341676,1.526868651402865,0.307,3.011,0.003,0.004,p<0.01
modeMWH,modeMYN,5.201,3.0875409916660974,7.314008129770571,1.078,4.824,1.4e-06,4.5e-06,p<0.0001
modeMWH,modeMDQ,5.22,3.105680810674978,7.334723298897847,1.079,4.839,1.3e-06,4.5e-06,p<0.0001
modeMYN,modeMDQ,0.019,-0.5497366943815353,0.588567955898614,0.29,0.067,0.947,0.947,
intercept,genderM,-2.526,-4.641716720186736,-0.4100908997232482,1.08,-2.34,0.019,0.028,p<0.05
