intercept,slope,estimate,conf.low,conf.high,std.error,z.value,p.value,p.adj (BH),signif.
modeMDC,modeMWH,-4.022,-6.078006775765524,-1.9668292776910328,1.049,-3.835,1.3e-04,2.5e-04,p<0.001
modeMDC,modeMYN,0.778,0.22784752821712684,1.327435668382285,0.281,2.772,0.006,0.009,p<0.01
modeMDC,modeMDQ,0.782,0.22508445977308,1.3381728313066437,0.284,2.753,0.006,0.009,p<0.01
modeMWH,modeMYN,4.8,2.7488250395136973,6.851287259455095,1.047,4.586,4.5e-06,1.1e-05,p<0.0001
modeMWH,modeMDQ,4.804,2.751394628279314,6.856690647175204,1.047,4.587,4.5e-06,1.1e-05,p<0.0001
modeMYN,modeMDQ,0.004,-0.5250048621729643,0.5329701686825922,0.27,0.015,0.988,0.991,
intercept,genderM,-2.153,-3.848582281509072,-0.4582357708256168,0.865,-2.49,0.013,0.019,p<0.05
