intercept,slope,estimate,conf.low,conf.high,std.error,z.value,p.value,p.adj (BH),signif.
modeMDC,modeMWH,-2.03,-2.9182215840155212,-1.1414073936166094,0.453,-4.478,7.5e-06,1.8e-05,p<0.0001
modeMDC,modeMYN,1.8,1.2664988448087555,2.332731660588091,0.272,6.616,3.7e-11,1.9e-10,p<0.0001
modeMDC,modeMDQ,3.256,2.624142920413843,3.887526273748711,0.322,10.102,5.4e-24,1.5e-22,p<0.0001
modeMWH,modeMYN,3.829,2.943347095816903,4.71551620182869,0.452,8.47,2.4e-17,3.4e-16,p<0.0001
modeMWH,modeMDQ,5.286,4.333451646064864,6.237822796197692,0.486,10.88,1.4e-27,8.1e-26,p<0.0001
modeMYN,modeMDQ,1.456,0.8846734274396175,2.027765873714711,0.292,4.994,5.9e-07,1.8e-06,p<0.0001
intercept,genderM,0.156,-1.208057521935645,1.5196555226192388,0.696,0.224,0.823,0.886,
