intercept,estimate,std.error,2.5% CI,97.5% CI,z.value,p.value,p.adj (BH),signif.
modeMDC,0.2303857963147883,0.362,0.11315462871070062,0.46860269582065023,-4.052,5.09e-05,1.13e-04,p<0.001
modeMWH,0.03053138829890954,0.509,0.01127688752074055,0.08274431235146412,-6.86,6.87e-12,1.37e-10,p<0.0001
modeMYN,1.3743762612275612,0.346,0.6983743513515736,2.7074304184338023,0.921,0.3573,0.397,
modeMDQ,5.824073901819975,0.378,2.7731947639642978,12.231321526574623,4.655,3.24e-06,9.26e-06,p<0.0001
