intercept,estimate,conf.low,conf.high,std.error,z.value,p.value,p.adj (BH),signif.
modeMDC,-6.233,-8.61828302401204,-3.847782410578075,1.217,-5.122,3.0e-07,1.4e-06,p<0.0001
modeMWH,-4.355,-5.834682026763144,-2.8751634023592643,0.755,-5.768,8.0e-09,1.1e-07,p<0.0001
modeMYN,-1.499,-2.7346360375131833,-0.2626620143190088,0.631,-2.376,0.017,0.023,p<0.05
modeMDQ,1.417,0.17526344322849097,2.6591162435296547,0.634,2.237,0.025,0.032,p<0.05
