intercept,estimate,conf.low,conf.high,std.error,z.value,p.value
modeMDC,0.23,0.11320312030093031,0.4686029863198643,0.083,-4.052,5.087116959818524e-5
modeMWH,0.031,0.011275067930017561,0.08275479503142519,0.016,-6.86,6.867200630629753e-12
modeMYN,1.375,0.698054310589622,2.707946419682818,0.475,0.921,0.3572740336181354
modeMDQ,5.823,2.7732597191916293,12.226781994395283,2.204,4.655,3.2392937075195092e-6
