intercept,slope,estimate,conf.low,conf.high,std.error,z.value,p.value,p.adj (BH),signif.
modeMDC,modeMWH,1.879,-0.3492436050759107,4.106322464248711,1.137,1.653,0.098,0.125,
modeMDC,modeMYN,4.755,2.6470884539227457,6.8624921352606885,1.075,4.422,9.8e-06,2.2e-05,p<0.0001
modeMDC,modeMDQ,7.678,5.490817307896148,9.865606665053011,1.116,6.88,6.0e-12,4.3e-11,p<0.0001
modeMWH,modeMYN,2.876,1.899931231046862,3.8525659104302026,0.498,5.774,7.7e-09,2.9e-08,p<0.0001
modeMWH,modeMDQ,5.8,4.6637077554351345,6.93563012415654,0.58,10.007,1.4e-23,2.7e-22,p<0.0001
modeMYN,modeMDQ,2.923,2.182776024799109,3.66405855955883,0.378,7.736,1.0e-14,1.1e-13,p<0.0001
intercept,genderM,2.389,0.5690622157298475,4.208635844815031,0.928,2.573,0.01,0.015,p<0.05
