intercept,slope,estimate,conf.low,conf.high,std.error,z.value,p.value,p.adj (BH),signif.
modeMDC,modeMWH,-4.022,-6.077787843346091,-1.9655810000213436,1.049,-3.834,1.3e-04,2.3e-04,p<0.001
modeMDC,modeMYN,0.777,0.2281043182281569,1.3264590873168252,0.28,2.774,0.006,0.008,p<0.01
modeMDC,modeMDQ,0.789,0.2322333064718517,1.345130758647536,0.284,2.778,0.005,0.008,p<0.01
modeMWH,modeMYN,4.799,2.7472564662431287,6.850670566266419,1.047,4.584,4.6e-06,9.6e-06,p<0.0001
modeMWH,modeMDQ,4.81,2.757039120389848,6.863688430295683,1.048,4.592,4.4e-06,9.6e-06,p<0.0001
modeMYN,modeMDQ,0.011,-0.5172433619535074,0.5400457566772002,0.27,0.042,0.966,0.966,
