intercept,slope,estimate,conf.low,conf.high,std.error,z.value,p.value
modeMDC,modeMWH,6.534,0.7038807717478518,60.651677427348105,7.428,1.651,0.09872180373188517
modeMDC,modeMYN,112.032,13.63834889454045,920.287580165946,120.374,4.392,1.1242653412495536e-5
modeMDC,modeMDQ,1983.2,224.62643962925804,17509.441324644737,2203.85,6.832,8.355882823389915e-12
modeMWH,modeMYN,17.146,6.494836792348683,45.26631153109856,8.493,5.737,9.610804178535708e-9
modeMWH,modeMDQ,303.526,99.36234121633706,927.1941362087272,172.935,10.031,1.108333916068262e-23
modeMYN,modeMDQ,17.702,8.570119461025199,36.564117584778074,6.552,7.764,8.198059269301407e-15
