intercept,slope,estimate,conf.low,conf.high,std.error,z.value,p.value
modeMDC,modeMWH,-4.295,-6.407168402098161,-2.1834246677321705,1.078,-3.986,6.710205152357578e-5
modeMDC,modeMYN,0.905,0.3079348467617984,1.5030029024826819,0.305,2.97,0.002977830058404591
modeMDC,modeMDQ,0.925,0.32292699719076035,1.526868844758789,0.307,3.011,0.002600583139972137
modeMWH,modeMYN,5.201,3.0875409954262856,7.3140085825407795,1.078,4.824,1.410111970601544e-6
modeMWH,modeMDQ,5.22,3.1056808211048383,7.334723758149375,1.079,4.839,1.3073049420866086e-6
modeMYN,modeMDQ,0.019,-0.5497439777506358,0.588560900884875,0.29,0.067,0.9467122451069687
intercept,genderM,-2.526,-4.641714320158921,-0.4100862306880728,1.08,-2.34,0.01929182614318403
