intercept,slope,estimate,conf.low,conf.high,std.error,z.value,p.value,p.adj (BH),signif.
modeMDC,modeMWH,6.534,0.7038807717478518,60.651677427348105,7.428,1.651,0.099,0.123,
modeMDC,modeMYN,112.032,13.63834889454045,920.287580165946,120.374,4.392,1.1e-05,1.9e-05,p<0.0001
modeMDC,modeMDQ,1983.2,224.62643962925804,17509.441324644737,2203.85,6.832,8.4e-12,3.3e-11,p<0.0001
modeMWH,modeMYN,17.146,6.494836792348683,45.26631153109856,8.493,5.737,9.6e-09,2.9e-08,p<0.0001
modeMWH,modeMDQ,303.526,99.36234121633706,927.1941362087272,172.935,10.031,1.1e-23,1.3e-22,p<0.0001
modeMYN,modeMDQ,17.702,8.570119461025199,36.564117584778074,6.552,7.764,8.2e-15,4.9e-14,p<0.0001
