intercept,estimate,conf.low,conf.high,std.error,z.value,p.value,p.adj (BH),signif.
modeMDC,-0.975,-3.117176385569477,1.1675375422957353,1.093,-0.892,0.372,0.447,
modeMWH,-5.27,-8.217544388489376,-2.322712878848749,1.504,-3.505,4.6e-04,0.002,p<0.01
modeMYN,-0.069,-2.2044013442447277,2.0656876567501996,1.089,-0.064,0.949,0.963,
modeMDQ,-0.05,-2.185001547712733,2.0851747971350583,1.089,-0.046,0.963,0.963,
