intercept,estimate,conf.low,conf.high,std.error,z.value,p.value,p.adj (BH),signif.
modeMDC,-1.852,-3.0215792053659403,-0.6829728779254434,0.597,-3.105,0.002,0.003,p<0.01
modeMWH,-5.874,-8.172121698019698,-3.5757885814103787,1.173,-5.01,5.5e-07,1.9e-06,p<0.0001
modeMYN,-1.075,-2.2272250308280666,0.07723764777597353,0.588,-1.829,0.067,0.079,
modeMDQ,-1.064,-2.220187017814838,0.09300551225718734,0.59,-1.802,0.071,0.08,
