intercept,slope,estimate,std.error,2.5% CI,97.5% CI,z.value,p.value
modeMDC,modeMWH,-2.02,0.452,-2.906,-1.135,-4.471,7.794249948504665e-6
modeMDC,modeMYN,1.787,0.271,1.256,2.317,6.602,4.061050235533694e-11
modeMDC,modeMDQ,3.23,0.32,2.603,3.857,10.103,5.377144756205414e-24
modeMWH,modeMYN,3.807,0.45,2.925,4.689,8.463,2.6016020496132083e-17
modeMWH,modeMDQ,5.25,0.483,4.304,6.196,10.878,1.4663522866045063e-27
modeMYN,modeMDQ,1.443,0.29,0.875,2.012,4.979,6.407298271212834e-7
