intercept,estimate,conf.low,conf.high,std.error,z.value,p.value
modeMDC,0.002,1.9890173422946656e-4,0.02106868938495546,0.002,-5.205,1.939833771795464e-7
modeMWH,0.013,0.003320908007751873,0.05387174143847696,0.01,-6.07,1.2830461892578333e-9
modeMYN,0.229,0.07387663247382932,0.7119873253037199,0.133,-2.548,0.010843999288930064
modeMDQ,4.06,1.2994589992826218,12.683787615690028,2.36,2.411,0.015924410704628897
