intercept,slope,estimate,conf.low,conf.high,std.error,z.value,p.value,p.adj (BH),signif.
modeMDC,modeMWH,-2.028,-2.916325083389287,-1.1404116006750291,0.453,-4.477,7.6e-06,1.5e-05,p<0.0001
modeMDC,modeMYN,1.799,1.2661501966459077,2.3320820104564706,0.272,6.616,3.7e-11,1.5e-10,p<0.0001
modeMDC,modeMDQ,3.255,2.6237222025326856,3.887054714543957,0.322,10.101,5.5e-24,1.1e-22,p<0.0001
modeMWH,modeMYN,3.828,2.9421064801844587,4.712915833979376,0.452,8.473,2.4e-17,2.5e-16,p<0.0001
modeMWH,modeMDQ,5.284,4.332219041903162,6.235360081314024,0.486,10.883,1.4e-27,5.8e-26,p<0.0001
modeMYN,modeMDQ,1.456,0.8845360544910894,2.028025095349421,0.292,4.992,6.0e-07,1.7e-06,p<0.0001
