intercept,estimate,std.error,2.5% CI,97.5% CI,z.value,p.value,p.adj (BH),signif.
modeMDC,0.16546426978680895,0.529,0.05860120614100395,0.4671989943381879,-3.398,6.80e-04,0.0014,p<0.01
modeMWH,0.00297949933788736,1.14,3.1942118400784305e-4,0.02782000257298401,-5.104,3.33e-07,1.33e-06,p<0.0001
modeMYN,0.3584378482789939,0.52,0.12938018997737108,0.9920319148370608,-1.975,0.0483,0.0604,
modeMDQ,0.3627650135239533,0.522,0.1302890285310629,1.009040621773868,-1.943,0.052,0.0612,
