intercept,estimate,conf.low,conf.high,std.error,z.value,p.value,p.adj (BH),signif.
modeMDC,-7.331,-9.776781963781463,-4.884366548037564,1.248,-5.873,4.3e-09,3.4e-08,p<0.0001
modeMWH,-5.452,-7.029448685754044,-3.8746183368499505,0.805,-6.774,1.3e-11,4.0e-10,p<0.0001
modeMYN,-2.576,-3.8904816805328775,-1.261097394010212,0.671,-3.84,1.2e-04,3.3e-04,p<0.001
modeMDQ,0.348,-0.8856888179145777,1.5809371776681225,0.629,0.552,0.581,0.688,
