intercept,slope,estimate,std.error,2.5% CI,97.5% CI,z.value,p.value,p.adj (BH),signif.
modeMDC,modeMWH,0.13265546508012172,0.452,0.05469406917616156,0.32142212133439135,-4.471,7.79e-06,1.30e-05,p<0.0001
modeMDC,modeMYN,5.971511034587729,0.271,3.5113479672208983,10.14519302793328,6.602,4.06e-11,1.22e-10,p<0.0001
modeMDC,modeMDQ,25.279656970962893,0.32,13.504189896560144,47.32316869539415,10.103,5.38e-24,8.07e-23,p<0.0001
modeMWH,modeMYN,45.01519052366997,0.45,18.634226049899,108.74438103606082,8.463,2.60e-17,1.56e-16,p<0.0001
modeMWH,modeMDQ,190.56626845863,0.483,73.99518325966169,490.78198167047384,10.878,1.47e-27,4.41e-26,p<0.0001
modeMYN,modeMDQ,4.233376916586104,0.29,2.398875293967098,7.478258918604595,4.979,6.41e-07,1.37e-06,p<0.0001
