term,sumsq,meansq,NumDF,DenDF,F value,p.value,p.adj (BH),signif.
foot_syls,501635.128,167211.709,3,7.99,238.389,3.729457171154532e-8,NA,NA
pre_syls,6419.201,2139.734,3,5.954,3.051,0.11439441322656918,NA,NA
fin_phon,39762.831,39762.831,1,767.59,56.689,1.434684427430848e-13,NA,NA
gender,13107.759,13107.759,1,9.007,18.687,0.0019213337055986389,NA,NA
