term,sumsq,meansq,NumDF,DenDF,F value,p.value,p.adj (BH),signif.
foot_syls,657.394,219.131,3,6.42,0.386,0.7668217754835044,NA,NA
pre_syls,3207.007,1069.002,3,4.919,1.885,0.25149494821870755,NA,NA
fin_phon,166.588,166.588,1,772.884,0.294,0.5879857914175668,NA,NA
nuc_new_word,1171.073,1171.073,1,4.966,2.065,0.21060927979025562,NA,NA
gender,28808.669,28808.669,1,8.963,50.799,5.616727455139422e-5,NA,NA
