term,sumsq,meansq,NumDF,DenDF,F value,p.value,p.adj (BH),signif.
pre_syls,36.313,12.104,3,671.338,5.302,0.0012872324751089135,NA,NA
foot_syls,257.004,85.668,3,706.121,37.523,1.6557678486682859e-22,NA,NA
fin_phon,6.602,6.602,1,767.791,2.892,0.08944451821386862,NA,NA
