term,sumsq,meansq,NumDF,DenDF,F value,p.value,p.adj (BH),signif.
foot_syls,14.041,4.68,3,7.286,5.49,0.027819439490534868,NA,NA
pre_syls,1.462,0.487,3,4.907,0.572,0.6582364695961819,NA,NA
fin_phon,0.017,0.017,1,759.111,0.02,0.8868202241136751,NA,NA
nuc_new_word,1.853,1.853,1,5.514,2.173,0.1951184838184477,NA,NA
