term,sumsq,meansq,NumDF,DenDF,F value,p.value,p.adj (BH),signif.
ana_syls,3811.053,1270.351,3,166.327,4.669,0.0036918837440750047,NA,NA
gender,20216.279,20216.279,1,9.409,74.299,9.100635072777553e-6,NA,NA
