term,sumsq,meansq,NumDF,DenDF,F value,p.value,p.adj (BH),signif.
acc_phon,0.205,0.102,2,717.736,0.045,0.9564165426827789,NA,NA
ana_syls,24.802,8.267,3,717.017,3.597,0.013356346352406477,NA,NA
foot_syls,80.758,26.919,3,717.049,11.712,1.6914251534663315e-7,NA,NA
wrd_end_syl,10.942,5.471,2,717.055,2.38,0.09326598254482606,NA,NA
