term,sumsq,meansq,NumDF,DenDF,F value,p.value,p.adj (BH),signif.
acc_phon,451268.273,225634.137,2,722.346,113.852,1.0474645237901892e-43,NA,NA
ana_syls,420016.856,140005.619,3,710.571,70.645,5.4353557045654786e-40,NA,NA
foot_syls,238164.655,79388.218,3,708.911,40.058,6.400926816101008e-24,NA,NA
wrd_end_syl,32763.842,16381.921,2,714.682,8.266,2.824782966152747e-4,NA,NA
gender,65134.551,65134.551,1,9.209,32.866,2.589377587314318e-4,NA,NA
