term,sumsq,meansq,NumDF,DenDF,F value,p.value,p.adj (BH),signif.
acc_phon,0.056,0.056,1,477.16,0.036,0.848649488005115,NA,NA
ana_syls,47.484,15.828,3,477.02,10.357,1.2940123988781691e-6,NA,NA
foot_syls,6.843,2.281,3,477.048,1.493,0.21576898675395104,NA,NA
wrd_end_syl,1.852,0.926,2,477.063,0.606,0.5460269796437602,NA,NA
