term,sumsq,meansq,NumDF,DenDF,F value,p.value,p.adj (BH),signif.
acc_phon,6074.604,6074.604,1,429.014,6.511,0.01106625789004416,NA,NA
ana_syls,69307.813,23102.604,3,43.199,24.763,1.7689466489861189e-9,NA,NA
foot_syls,46568.137,15522.712,3,458.617,16.638,2.8136126168048977e-10,NA,NA
wrd_end_syl,5791.732,2895.866,2,438.527,3.104,0.04585936847628486,NA,NA
gender,105597.287,105597.287,1,9.846,113.185,1.023485092766024e-6,NA,NA
