intercept,slope,estimate,conf.low,conf.high,std.error,t.value,df,p.value,p.adj (BH),signif.
foot_syls1,foot_syls2,-0.12,-0.13176651276756118,-0.09902660317062263,0.01,-13.84,773.33,4.5195190932517916e-39,NA,NA
foot_syls1,foot_syls3,-0.12,-0.13662760666453172,-0.09600286266255771,0.01,-11.24,771.32,2.954494539503601e-27,NA,NA
foot_syls1,foot_syls4,0.07,0.050388395427036,0.09735052322506002,0.01,6.18,771.09,1.0658323390212562e-9,NA,NA
foot_syls2,foot_syls3,-0,-0.01834921252952763,0.016511859063823974,0.01,-0.1,773.74,0.9176232903753845,NA,NA
foot_syls2,foot_syls4,0.19,0.16828254702492113,0.21024948749010308,0.01,17.71,772.72,3.8378227289146387e-59,NA,NA
foot_syls3,foot_syls4,0.19,0.16600372325746363,0.2143656647141711,0.01,15.44,771.22,4.625589408415922e-47,NA,NA
