intercept,estimate,conf.low,conf.high,std.error,t.value,df,p.value,p.adj (BH),signif.
foot_syls1,0.22,-1.3096707547063131,1.7562910056045533,0.73,0.31,17.53,0.7627378404239916,NA,NA
foot_syls2,1.59,-0.014550826779072157,3.1919908158016095,0.77,2.05,22.29,0.051939906023276444,NA,NA
foot_syls3,1.89,0.3526366179946132,3.4176031178042323,0.73,2.59,17.5,0.018780505501731527,NA,NA
foot_syls4,1.88,0.3691234264874663,3.386351635888383,0.72,2.63,17.03,0.01769356063402212,NA,NA
pre_syls0,0.22,-1.3096707547063131,1.7562910056045533,0.73,0.31,17.53,0.7627378404239916,NA,NA
pre_syls1,0.72,-0.8112071850092772,2.256978272564747,0.73,0.99,17.61,0.33484069022202345,NA,NA
pre_syls2,0.45,-1.0781826385529005,1.9861185274763409,0.73,0.62,18.29,0.541756200235439,NA,NA
pre_syls3,0.8,-0.7283251951012051,2.3210125283345047,0.73,1.1,17.96,0.28692130669066074,NA,NA
