intercept,estimate,conf.low,conf.high,std.error,t.value,df,p.value,p.adj (BH),signif.
foot_syls1,-3.2,-3.8817202585309776,-2.5271514682374985,0.32,-9.96,17.41,1.2997943212992172e-8,NA,NA
foot_syls2,-2.7,-3.4223965023579836,-1.9728985608014409,0.35,-7.67,24.87,5.227226502869648e-8,NA,NA
foot_syls3,-2.74,-3.4193811076907807,-2.0652773333605485,0.32,-8.53,17.38,1.2701885630369259e-07,NA,NA
foot_syls4,-2.4,-3.0652099833579567,-1.7267908057973673,0.32,-7.45,20.59,2.8389247291532456e-7,NA,NA
pre_syls0,-3.2,-3.8817202585309776,-2.5271514682374985,0.32,-9.96,17.41,1.2997943212992172e-8,NA,NA
pre_syls1,-3.08,-3.760459736728698,-2.402839958169484,0.32,-9.55,17.63,2.169878594306674e-8,NA,NA
pre_syls2,-3.48,-4.165604408194473,-2.7963681913731606,0.33,-10.53,22.38,3.8363954324287587e-10,NA,NA
pre_syls3,-3.4,-4.08165770212834,-2.720386866144626,0.33,-10.36,22.26,5.604135906038817e-10,NA,NA
