intercept,estimate,conf.low,conf.high,std.error,t.value,df,p.value,p.adj (BH),signif.
foot_syls1,292.37,242.27668041286785,342.46001854720924,19.17,15.25,4.75,3.2576105586359976e-5,NA,NA
foot_syls2,313.59,263.7465273370316,363.44162210972195,19.62,15.98,5.2,1.2691436333839151e-5,NA,NA
foot_syls3,388.32,338.2255111907576,438.40922969311515,19.17,20.25,4.75,8.626655645279456e-6,NA,NA
foot_syls4,510.92,460.7112405337717,561.1302286925572,19,26.89,4.58,3.2009243391180235e-6,NA,NA
pre_syls0,292.37,242.27668041286785,342.46001854720924,19.17,15.25,4.75,3.2576105586359976e-5,NA,NA
pre_syls1,258.9,208.81030590345617,308.9827800843036,19.18,13.5,4.75,5.686768199912977e-5,NA,NA
pre_syls2,254.58,204.49751188314397,304.66895335364654,19.16,13.29,4.74,6.249529671625975e-5,NA,NA
pre_syls3,247.68,197.563198739256,297.7987703058564,19.11,12.96,4.69,7.474622124489655e-5,NA,NA
