intercept,estimate,conf.low,conf.high,std.error,t.value,df,p.value,p.adj (BH),signif.
foot_syls1,3.6,3.3065507308787825,3.8884920137408048,0.12,29.41,6.8,2.021751907600176e-8,NA,NA
foot_syls2,3.59,3.2927987872796196,3.887884919535127,0.13,27.72,8.17,2.2495784925130054e-9,NA,NA
foot_syls3,3.47,3.151651448001909,3.7948928500089596,0.15,23.67,11.4,4.725398659544698e-11,NA,NA
foot_syls4,2.83,2.4969167190323525,3.16540712968148,0.15,18.38,12.45,2.1328354280686084e-10,NA,NA
