intercept,estimate,conf.low,conf.high,std.error,t.value,df,p.value,p.adj (BH),signif.
foot_syls1,330,267.98380992924683,392.02384275216764,22.63,14.59,4.13,1.0359291053683177e-4,NA,NA
foot_syls2,341.42,279.9578636753951,402.8750632549599,23.1,14.78,4.49,5.583536508569223e-5,NA,NA
foot_syls3,447.13,385.104493242519,509.1569768271892,22.62,19.77,4.13,3.0116370315546657e-5,NA,NA
foot_syls4,578.91,516.6472841578131,641.1777797509064,22.45,25.79,4.01,1.3154585468780862e-5,NA,NA
pre_syls0,330,267.98380992924683,392.02384275216764,22.63,14.59,4.13,1.0359291053683177e-4,NA,NA
pre_syls1,298.76,236.75095189018487,360.77235211837444,22.63,13.2,4.14,1.5422151777400595e-4,NA,NA
pre_syls2,298.6,236.58056358060082,360.6280419215457,22.61,13.21,4.13,1.5674407724450607e-4,NA,NA
pre_syls3,293.96,231.85986111163422,356.05133750653204,22.56,13.03,4.09,1.7493231931894795e-4,NA,NA
