intercept,slope,estimate,conf.low,conf.high,std.error,t.value,df,p.value,p.adj (BH),signif.
foot_syls1,foot_syls2,0.03,0.014453273993898398,0.04253913203240291,0.01,3.98,763.71,7.440079550366081e-5,NA,NA
foot_syls1,foot_syls3,-0.01,-0.024023434118026713,0.010685886140760607,0.01,-0.75,762.23,0.45087703083440633,NA,NA
foot_syls1,foot_syls4,0.02,-0.0020780176146242314,0.038044186580909134,0.01,1.76,762.06,0.07885358208438169,NA,NA
foot_syls2,foot_syls3,-0.04,-0.050115060721577794,-0.02021489411161436,0.01,-4.62,763.97,4.5566708673792304e-6,NA,NA
foot_syls2,foot_syls4,-0.01,-0.028484334292678055,0.007458096377408309,0.01,-1.15,763.13,0.2511650837057799,NA,NA
foot_syls3,foot_syls4,0.02,0.003992418197151369,0.04531129874063651,0.01,2.34,762.18,0.019414286013764315,NA,NA
