intercept,slope,estimate,conf.low,conf.high,std.error,t.value,df,p.value,p.adj (BH),signif.
foot_syls1,foot_syls2,-0.18,-0.38740749411138664,0.026922316333742313,0.11,-1.72,191.38,0.08776061496076813,NA,NA
foot_syls1,foot_syls3,-0.17,-0.36464629349524486,0.03240560947162152,0.1,-1.65,177.07,0.10044498514434619,NA,NA
foot_syls1,foot_syls4,-0.18,-0.42250518527315106,0.06116996673889999,0.12,-1.48,130.36,0.14183748830732967,NA,NA
foot_syls2,foot_syls3,0.01,-0.16218323948265023,0.1904277244840274,0.09,0.16,179.65,0.8745871830201639,NA,NA
foot_syls2,foot_syls4,-0,-0.22368317716989375,0.2228331245088672,0.11,-0,127.43,0.997000231832487,NA,NA
foot_syls3,foot_syls4,-0.01,-0.16147074121407973,0.13237619275052287,0.07,-0.19,290.3,0.8456282470066911,NA,NA
