intercept,estimate,conf.low,conf.high,std.error,t.value,df,p.value,p.adj (BH),signif.
foot_syls1,2.97,2.04010954555927,3.9037741296025423,0.2,14.55,1.89,0.005924234923098963,NA,NA
foot_syls2,2.83,1.9615363862242277,3.689524502215071,0.21,13.61,2.07,0.004644441992301781,NA,NA
foot_syls3,2.9,1.9430333795015746,3.8523216127305036,0.19,14.9,1.76,0.007360249350818396,NA,NA
foot_syls4,2.87,2.5491215927225523,3.187533101013771,0.14,20.9,7.63,5.1904522446184273e-8,NA,NA
