intercept,slope,estimate,conf.low,conf.high,std.error,t.value,df,p.value,p.adj (BH),signif.
foot_syls1,foot_syls2,-0.15,-0.38098384375062416,0.08813762514883305,0.11,-1.29,22.94,0.20938276685630405,NA,NA
foot_syls1,foot_syls3,-0.07,-0.3308177463745334,0.18232189981245012,0.12,-0.6,23.65,0.5556996633317267,NA,NA
foot_syls1,foot_syls4,-0.1,-0.3469694574945058,0.15597726652460364,0.13,-0.76,54.54,0.4498323676022081,NA,NA
foot_syls2,foot_syls3,0.07,-0.22586059928040614,0.3701503465878109,0.14,0.52,12.75,0.6092381601397122,NA,NA
foot_syls2,foot_syls4,0.05,-0.24272297487360783,0.34450134523872167,0.14,0.37,16.38,0.718515704348748,NA,NA
foot_syls3,foot_syls4,-0.02,-0.24831395272523835,0.20580381001266754,0.11,-0.19,21.04,0.8475322108535198,NA,NA
