"","factor","level","predicted","conf.low","conf.high","std.error"
"1","mode","MDC",-1.94896524813945,-5.59465400472893,1.69672350845004,"1.86"
"2","mode","MWH",-4.04205959294752,-7.86422720558724,-0.219891980307792,"1.95"
"3","mode","MYN",0.957804509507233,-2.65324545779234,4.5688544768068,"1.842"
"4","mode","MDQ",3.12103066029036,-0.731359773574758,6.97342109415549,"1.966"
"5","h_start","TRUE",-1.94896524813945,-5.59465400472893,1.69672350845004,"1.86"
"6","h_start","FALSE",-1.03221438002667,-4.67388407030623,2.60945531025289,"1.858"
