"","factor","level","predicted","conf.low","conf.high","std.error"
"1","mode","MDC",86.5067552279416,79.6146844729041,93.3988259829791,"3.516"
"2","mode","MWH",86.9762966411469,80.1722224299457,93.7803708523481,"3.472"
"3","mode","MYN",87.0275858211722,80.1719186408553,93.8832530014891,"3.498"
"4","mode","MDQ",88.0967602464735,81.1133201443613,95.0802003485856,"3.563"
