intercept,slope,estimate,std.error,2.5% CI,97.5% CI,z.value,df,p.value
modeMDC,modeMWH,-2.423,1.231,-4.835,-0.012,-1.969,9.99,0.07723075357924405
modeMDC,modeMYN,3.54,0.874,1.827,5.253,4.05,10.01,0.0023186261880181
modeMDC,modeMDQ,6.516,1.131,4.299,8.733,5.761,10.09,1.7643430283643133e-4
modeMWH,modeMYN,5.964,1.417,3.186,8.742,4.208,10.01,0.0018026854248878242
modeMWH,modeMDQ,8.94,1.751,5.508,12.372,5.105,10.02,4.5786188930071813e-4
modeMYN,modeMDQ,2.976,0.799,1.411,4.542,3.726,9.88,0.004016849570417903
