intercept,slope,estimate,std.error,2.5% CI,97.5% CI,z.value,df,p.value,p.adj (BH),signif.
modeMDC,modeMWH,0.421,0.312,-0.191,1.033,1.349,10.8,0.2051,0.214,
modeMDC,modeMYN,0.786,0.25,0.296,1.277,3.142,10.37,0.01,0.015,p<0.05
modeMDC,modeMDQ,2.316,0.442,1.449,3.183,5.237,10.17,3.60e-04,0.0012,p<0.01
modeMWH,modeMYN,0.365,0.267,-0.158,0.889,1.368,12.73,0.1951,0.2128,
modeMWH,modeMDQ,1.896,0.639,0.644,3.147,2.968,10.51,0.0134,0.0189,p<0.05
modeMYN,modeMDQ,1.53,0.588,0.377,2.683,2.602,10.05,0.0263,0.0332,p<0.05
intercept,genderM,-6.769,1.359,-9.433,-4.105,-4.98,9.019361856426384,7.54e-04,0.0022,p<0.01
intercept,starts_with_HFALSE,-0.117,0.142,-0.395,0.161,-0.822,581.0817969079599,0.4115,0.4115,
