intercept,estimate,std.error,t.value,df,p.value,p.adjusted,signif. (adj.)
^[L*]H,82.189,10.115,8.126,90.27360356194858,0.0000e+00,0.0000e+00,p<0.001
L*H,93.504,5.696,16.415,9.93936500114866,2.0000e-08,8.0000e-08,p<0.001
L*^[H],72.699,6.559,11.084,17.404145829525305,0.0000e+00,1.0000e-08,p<0.001
^[L*H],70.016,5.958,11.751,11.891188603255468,7.0000e-08,3.3000e-07,p<0.001
