intercept,lh_slope,estimate,std.error,2.5% CI,97.5% CI,t.value,df,p.value,p.val. adj. (bf=7),signif. (adj.)
modeMDC,modeMWH,0.471,0.311,-0.137,1.08,1.518,10.07,0.15980574802695696,0.3196114960539139,
modeMDC,modeMYN,0.761,0.249,0.273,1.249,3.059,10.07,0.011983294030163577,0.023966588060327153,p<0.05
modeMDC,modeMDQ,2.287,0.439,1.428,3.147,5.215,10.06,3.84675775302325e-4,7.6935155060465e-4,p<0.001
modeMWH,modeMYN,0.29,0.253,-0.207,0.786,1.144,9.98,0.2795099218520429,0.5590198437040858,
modeMWH,modeMDQ,1.816,0.631,0.578,3.053,2.875,10.04,0.016450500219151662,0.032901000438303324,p<0.05
modeMYN,modeMDQ,1.526,0.59,0.369,2.683,2.584,10.06,0.02710896581326767,0.05421793162653534,
