intercept,estimate,std.error,t.value,df,p.value,p.adjusted,signif. (adj.)
modeMDC,87.812,1.109,79.157,9.427976094719405,0.0000e+00,0.0000e+00,p<0.001
modeMWH,87.896,1.165,75.473,10.547806711818689,0.0000e+00,0.0000e+00,p<0.001
modeMYN,89.56,1.233,72.616,8.590802976177061,0.0000e+00,0.0000e+00,p<0.001
modeMDQ,90.823,1.455,62.427,10.43731127611468,0.0000e+00,0.0000e+00,p<0.001
