intercept,estimate,std.error,t.value,df,p.value,p.adjusted,signif. (adj.)
modeMDC,313.756,25.714,12.202,3.661513155118064,4.2547e-04,0.0021,p<0.01
modeMWH,316.155,25.678,12.312,3.641073321736531,4.2477e-04,0.0021,p<0.01
modeMYN,308.741,25.595,12.063,3.5998791984375007,4.8588e-04,0.0024,p<0.01
modeMDQ,291.48,25.069,11.627,3.328138449804267,8.2669e-04,0.0041,p<0.01
