intercept,estimate,std.error,t.value,df,p.value,p.adjusted,signif. (adj.)
modeMDC,33.462,5.286,6.33,4.001255602632659,0.0032,0.0191,p<0.05
modeMWH,35.704,5.16,6.92,3.6728540359869872,0.0031,0.0187,p<0.05
modeMYN,35.058,5.231,6.701,3.8588946453559347,0.0029,0.0176,p<0.05
modeMDQ,44.853,5.145,8.718,3.6329389583050267,0.0015,0.0087,p<0.01
