intercept,estimate,std.error,t.value,df,p.value,p.adjusted,signif. (adj.)
modeMDC,97.004,5.986,16.206,9.586003928502354,3.0000e-08,1.4000e-07,p<0.001
modeMWH,97.638,6.185,15.787,9.710477888520426,3.0000e-08,1.5000e-07,p<0.001
modeMYN,94.365,6.46,14.609,10.04413796641769,4.0000e-08,2.1000e-07,p<0.001
modeMDQ,70.568,9.718,7.261,11.14328347648152,1.5090e-05,7.5440e-05,p<0.001
