intercept,term,estimate,std.error,2.5% CI,97.5% CI,t.value,df,p.value,p.val. adj. (bf=7),signif. (adj.)
L*H,^[L*]H,-0.624,0.141,-0.9,-0.349,-4.439,621.98,1.0682398979852332e-5,7.477679285896632e-5,p<0.001
L*H,L*^[H],0.474,0.06,0.356,0.592,7.871,620.52,1.57031390239491e-14,1.0992197316764369e-13,p<0.001
L*H,^[L*H],0.219,0.034,0.153,0.285,6.525,619.16,1.4115341183901864e-10,9.880738828731304e-10,p<0.001
^[L*]H,L*^[H],1.098,0.153,0.798,1.398,7.177,621.92,2.0325277628885014e-12,1.422769434021951e-11,p<0.001
^[L*]H,^[L*H],0.843,0.141,0.567,1.119,5.978,621.64,3.808224259889252e-9,2.6657569819224767e-8,p<0.001
L*^[H],^[L*H],-0.255,0.066,-0.386,-0.125,-3.842,620.3,1.3463248239953596e-4,9.424273767967517e-4,p<0.001
