intercept,estimate,std.error,t.value,df,p.value,p.adjusted,signif. (adj.)
^[L*]H,94.519,1.596,59.206,17.056362760890668,0.0000e+00,0.0000e+00,p<0.001
L*H,93.153,1.36,68.472,9.018110447149192,0.0000e+00,0.0000e+00,p<0.001
L*^[H],98.807,1.399,70.641,10.075527546752685,0.0000e+00,0.0000e+00,p<0.001
^[L*H],98.398,1.371,71.747,9.313686492243411,0.0000e+00,0.0000e+00,p<0.001
