intercept,estimate,std.error,t.value,df,p.value,p.adjusted,signif. (adj.)
modeMDC,6.13,0.443,13.825,10.043223377827637,7.0000e-08,4.4000e-07,p<0.001
modeMWH,6.444,0.472,13.659,10.052387686545854,8.0000e-08,4.9000e-07,p<0.001
modeMYN,6.247,0.434,14.38,10.052457645261343,5.0000e-08,3.0000e-07,p<0.001
modeMDQ,8.163,0.547,14.913,10.033510202689666,4.0000e-08,2.1000e-07,p<0.001
