intercept,estimate,std.error,t.value,df,p.value,p.adjusted,signif. (adj.)
modeMDC,312.445,14.731,21.21,9.94016786992193,0.0000e+00,1.0000e-08,p<0.001
modeMWH,315.411,14.776,21.347,9.922031893712752,0.0000e+00,1.0000e-08,p<0.001
modeMYN,307.24,14.334,21.434,9.488780858689548,0.0000e+00,1.0000e-08,p<0.001
modeMDQ,275.442,21.505,12.808,12.306591015508387,2.0000e-08,9.0000e-08,p<0.001
