intercept,estimate,std.error,t.value,df,p.value,p.adjusted,signif. (adj.)
modeMDC,97.916,5.915,16.554,9.871599835970814,2.0000e-08,1.0000e-07,p<0.001
modeMWH,99.006,6.234,15.883,9.67652801799155,3.0000e-08,1.8000e-07,p<0.001
modeMYN,95.914,6.364,15.071,10.710462175328354,1.0000e-08,9.0000e-08,p<0.001
modeMDQ,76.57,7.486,10.228,10.519216354494496,8.6000e-07,5.1300e-06,p<0.001
