intercept,estimate,std.error,t.value,df,p.value,p.adjusted,signif. (adj.)
modeMDC,5.179,0.527,9.835,10.159446685133075,1.6400e-06,8.1900e-06,p<0.001
modeMWH,5.544,0.483,11.477,9.624507184137421,6.3000e-07,3.1300e-06,p<0.001
modeMYN,5.264,0.582,9.05,8.792538174960269,9.5500e-06,4.7750e-05,p<0.001
modeMDQ,6.943,0.633,10.97,9.602972172367343,9.6000e-07,4.7900e-06,p<0.001
