intercept,estimate,std.error,t.value,df,p.value,p.adjusted,signif. (adj.)
modeMDC,91.578,1.262,72.565,11.586236396245805,0.0000e+00,0.0000e+00,p<0.001
modeMWH,91.982,1.123,81.914,11.141077563567148,0.0000e+00,0.0000e+00,p<0.001
modeMYN,93.428,1.137,82.188,11.211510809637424,0.0000e+00,0.0000e+00,p<0.001
modeMDQ,96.623,1.523,63.433,12.191552237522432,0.0000e+00,0.0000e+00,p<0.001
