intercept,estimate,std.error,t.value,df,p.value,p.adjusted,signif. (adj.)
modeMDC,97.175,5.994,16.212,9.538785530230502,3.0000e-08,1.5000e-07,p<0.001
modeMWH,97.765,6.2,15.769,9.547888869188673,4.0000e-08,1.9000e-07,p<0.001
modeMYN,94.54,6.441,14.679,9.968205909371239,4.0000e-08,2.2000e-07,p<0.001
modeMDQ,75.019,7.351,10.206,10.50778627761915,8.8000e-07,4.4100e-06,p<0.001
