intercept,estimate,std.error,t.value,df,p.value,p.adjusted,signif. (adj.)
modeMDC,320.15,25.96,12.333,2.9705051582059188,0.0012,0.0072,p<0.01
modeMWH,320.711,25.96,12.354,2.9706968622440595,0.0012,0.0072,p<0.01
modeMYN,316.133,25.961,12.177,2.9711954156485856,0.0012,0.0075,p<0.01
modeMDQ,300.548,25.968,11.574,2.9742135362476954,0.0014,0.0087,p<0.01
