intercept,estimate,std.error,t.value,df,p.value,p.adjusted,signif. (adj.)
modeMDC,-1.072,0.772,-1.388,10.36502725130464,0.1941,0.3882,
modeMWH,-3.419,1.022,-3.347,7.75479385883565,0.0106,0.0212,p<0.05
modeMYN,2.575,0.599,4.296,5.75084642656262,0.0056,0.0113,p<0.05
modeMDQ,5.526,1.043,5.296,11.055507229809377,2.4962e-04,4.9925e-04,p<0.001
