intercept,estimate,std.error,t.value,df,p.value,p.adjusted,signif. (adj.)
acc_phonL*H,83.59,1.519,55.038,9.998310082895841,0.0000e+00,0.0000e+00,p<0.001
acc_phon^[L*]H,87.422,1.471,59.438,5.1563208484772903e-5,0.9995,0.9999,
acc_phonL*^[H],85.016,1.549,54.902,10.122653475927702,0.0000e+00,0.0000e+00,p<0.001
acc_phon^[L*H],87.653,1.818,48.222,9.987759854227212,0.0000e+00,0.0000e+00,p<0.001
