intercept,estimate,std.error,t.value,df,p.value,p.adjusted,signif. (adj.)
acc_phonL*H,70.919,8.701,8.15,10.479842714258421,7.4500e-06,3.7250e-05,p<0.001
acc_phon^[L*]H,55.46,11.87,4.672,35.73332634642302,4.1280e-05,2.0642e-04,p<0.001
acc_phonL*^[H],50.245,9.349,5.374,13.954525514503564,9.9130e-05,4.9564e-04,p<0.001
acc_phon^[L*H],46.809,8.84,5.295,11.164460550204623,2.4203e-04,0.0012,p<0.01
