intercept,estimate,std.error,t.value,df,p.value,p.adjusted,signif. (adj.)
^[L*]H,90.83,1.702,53.355,16.071943178814497,0.0000e+00,0.0000e+00,p<0.001
L*H,89.719,1.512,59.337,10.015189674910397,0.0000e+00,0.0000e+00,p<0.001
L*^[H],95.391,1.548,61.61,11.01088110387896,0.0000e+00,0.0000e+00,p<0.001
^[L*H],94.95,1.52,62.482,10.218047111858558,0.0000e+00,0.0000e+00,p<0.001
