intercept,estimate,std.error,t.value,df,p.value,p.adjusted,signif. (adj.)
modeMDC,5.124,0.515,9.951,10.604198354843652,1.0400e-06,5.2200e-06,p<0.001
modeMWH,5.487,0.464,11.821,10.38649174358872,2.4000e-07,1.1800e-06,p<0.001
modeMYN,5.208,0.577,9.026,9.272592253048243,6.8100e-06,3.4040e-05,p<0.001
modeMDQ,7.077,0.703,10.061,10.082448385141475,1.4100e-06,7.0500e-06,p<0.001
