intercept,estimate,std.error,t.value,df,p.value,p.adjusted,signif. (adj.)
acc_phonL*H,89.719,1.512,59.337,10.015189675874014,0.0000e+00,0.0000e+00,p<0.001
acc_phon^[L*]H,90.83,1.702,53.355,16.071943411644483,0.0000e+00,0.0000e+00,p<0.001
acc_phonL*^[H],95.391,1.548,61.61,11.010881104001466,0.0000e+00,0.0000e+00,p<0.001
acc_phon^[L*H],94.95,1.52,62.482,10.218046588802475,0.0000e+00,0.0000e+00,p<0.001
