intercept,estimate,std.error,t.value,df,p.value,p.adjusted,signif. (adj.)
modeMDC,91.609,1.264,72.502,11.618344159619335,0.0000e+00,0.0000e+00,p<0.001
modeMWH,92.011,1.125,81.781,11.140903285768964,0.0000e+00,0.0000e+00,p<0.001
modeMYN,93.458,1.139,82.035,11.214637499068926,0.0000e+00,0.0000e+00,p<0.001
modeMDQ,96.611,1.524,63.392,12.203091000102853,0.0000e+00,0.0000e+00,p<0.001
