intercept,estimate,std.error,t.value,df,p.value,p.adjusted,signif. (adj.)
modeMDC,5.124,0.516,9.932,10.6842986974668,1.0000e-06,5.0100e-06,p<0.001
modeMWH,5.487,0.465,11.794,10.480348686553809,2.2000e-07,1.1100e-06,p<0.001
modeMYN,5.208,0.578,9.015,9.330664427047545,6.5900e-06,3.2960e-05,p<0.001
modeMDQ,7.078,0.704,10.057,10.128318420252429,1.3600e-06,6.8200e-06,p<0.001
