intercept,estimate,std.error,t.value,df,p.value,p.adjusted,signif. (adj.)
^[L*]H,237.262,28.607,8.294,4.295572125969866,8.4296e-04,0.0042,p<0.01
L*H,316.149,25.847,12.232,2.8634885713928035,0.0015,0.0073,p<0.01
L*^[H],300.937,26.283,11.45,3.0614850439651686,0.0013,0.0065,p<0.01
^[L*H],298.253,25.974,11.483,2.9201258873549905,0.0016,0.008,p<0.01
