intercept,estimate,std.error,t.value,df,p.value,p.adjusted,signif. (adj.)
modeMDC,91.59,1.236,74.112,11.812525747483617,0.0000e+00,0.0000e+00,p<0.001
modeMWH,92.023,1.107,83.117,11.245364544130872,0.0000e+00,0.0000e+00,p<0.001
modeMYN,93.419,1.106,84.436,11.192633726229642,0.0000e+00,0.0000e+00,p<0.001
modeMDQ,96.537,1.497,64.494,12.246629632298857,0.0000e+00,0.0000e+00,p<0.001
