intercept,estimate,std.error,t.value,df,p.value,p.adjusted,signif. (adj.)
modeMDC,91.525,1.236,74.041,11.781138218438558,0.0000e+00,0.0000e+00,p<0.001
modeMWH,91.96,1.106,83.168,11.285111756884895,0.0000e+00,0.0000e+00,p<0.001
modeMYN,93.355,1.105,84.497,11.235425894685385,0.0000e+00,0.0000e+00,p<0.001
modeMDQ,96.27,1.415,68.035,12.302722786962418,0.0000e+00,0.0000e+00,p<0.001
