intercept,estimate,std.error,t.value,df,p.value,p.adjusted,signif. (adj.)
^[L*]H,90.982,1.491,61.039,3.302655673461229e-4,0.9971,0.9999,
L*H,86.977,1.194,72.832,9.23247868928852,0.0000e+00,0.0000e+00,p<0.001
L*^[H],88.486,1.264,70.003,9.310074139443453,0.0000e+00,0.0000e+00,p<0.001
^[L*H],90.933,1.418,64.136,11.751089788269969,0.0000e+00,0.0000e+00,p<0.001
