intercept,estimate,std.error,t.value,df,p.value,p.adjusted,signif. (adj.)
^[L*]H,91.324,1.403,65.114,13.335606492824468,0.0000e+00,0.0000e+00,p<0.001
L*H,87.239,1.271,68.623,9.009979061421669,0.0000e+00,0.0000e+00,p<0.001
L*^[H],88.746,1.292,68.692,9.609742006317727,0.0000e+00,0.0000e+00,p<0.001
^[L*H],91.082,1.277,71.3,9.186038371099109,0.0000e+00,0.0000e+00,p<0.001
