intercept,estimate,std.error,t.value,df,p.value,p.adjusted,signif. (adj.)
modeMDC,97.109,6.081,15.97,10.059524372004256,2.0000e-08,9.0000e-08,p<0.001
modeMWH,97.701,6.282,15.553,10.04209565557658,2.0000e-08,1.2000e-07,p<0.001
modeMYN,94.466,6.527,14.472,10.4024916165416,3.0000e-08,1.6000e-07,p<0.001
modeMDQ,75.023,7.416,10.117,10.872382097591878,7.3000e-07,3.6300e-06,p<0.001
