intercept,estimate,std.error,t.value,df,p.value,p.adjusted,signif. (adj.)
modeMDC,30.749,3.632,8.466,11.44738216458716,2.9000e-06,1.4500e-05,p<0.001
modeMWH,32.936,3.226,10.21,9.401879340240622,2.1400e-06,1.0720e-05,p<0.001
modeMYN,32.19,3.73,8.631,10.180544041881777,5.3400e-06,2.6710e-05,p<0.001
modeMDQ,41.492,3.418,12.14,9.284981709332065,5.2000e-07,2.6200e-06,p<0.001
