intercept,estimate,std.error,t.value,df,p.value,p.adjusted,signif. (adj.)
^[L*]H,3.15,0.183,17.216,7.157457659569134,4.4000e-07,2.1800e-06,p<0.001
L*H,3.485,0.147,23.663,3.013557369113595,1.6040e-04,8.0200e-04,p<0.001
L*^[H],4.005,0.154,25.963,3.625878552357446,2.9860e-05,1.4929e-04,p<0.001
^[L*H],3.653,0.149,24.554,3.1368458292196575,1.0836e-04,5.4180e-04,p<0.001
