intercept,estimate,std.error,t.value,df,p.value,p.adjusted,signif. (adj.)
^[L*]H,55.46,11.87,4.672,35.7333247653607,4.1280e-05,2.0642e-04,p<0.001
L*H,70.919,8.701,8.15,10.479842712930113,7.4500e-06,3.7250e-05,p<0.001
L*^[H],50.245,9.349,5.374,13.954525513631873,9.9130e-05,4.9564e-04,p<0.001
^[L*H],46.809,8.84,5.295,11.164460179908385,2.4203e-04,0.0012,p<0.01
