intercept,estimate,std.error,t.value,df,p.value,p.adjusted,signif. (adj.)
modeMDC,87.819,1.112,78.946,9.455819962424892,0.0000e+00,0.0000e+00,p<0.001
modeMWH,87.905,1.167,75.314,10.581156050248154,0.0000e+00,0.0000e+00,p<0.001
modeMYN,89.567,1.237,72.422,8.609202369165486,0.0000e+00,0.0000e+00,p<0.001
modeMDQ,90.829,1.455,62.408,10.445206249243588,0.0000e+00,0.0000e+00,p<0.001
