intercept,estimate,std.error,2.5% CI,97.5% CI,t.value,df,p.value,p.val. adj. (bf=7),signif. (adj.)
modeMDC,-1.209,0.785,-2.747,0.33,-1.54,9.9,0.15486654925417123,0.30973309850834246,
modeMWH,-3.629,1.076,-5.738,-1.52,-3.373,7.79,0.010143393137413628,0.020286786274827256,p<0.05
modeMYN,2.437,0.569,1.321,3.552,4.282,6.08,0.005043104174724759,0.010086208349449517,p<0.05
modeMDQ,5.396,1.016,3.405,7.387,5.313,11.1,2.3996259915199156e-4,4.799251983039831e-4,p<0.001
