intercept,estimate,std.error,t.value,df,p.value,p.adjusted,signif. (adj.)
modeMDC,89.169,1.125,79.291,11.525323416528575,0.0000e+00,0.0000e+00,p<0.001
modeMWH,89.64,0.979,91.584,10.055506581493733,0.0000e+00,0.0000e+00,p<0.001
modeMYN,89.93,1.06,84.854,11.201845801198653,0.0000e+00,0.0000e+00,p<0.001
modeMDQ,91.459,1.31,69.796,12.470983995419632,0.0000e+00,0.0000e+00,p<0.001
