intercept,estimate,std.error,t.value,df,p.value,p.adjusted,signif. (adj.)
modeMDC,87.429,1.1,79.512,9.836157571858553,0.0000e+00,0.0000e+00,p<0.001
modeMWH,87.531,1.161,75.418,10.96355117568682,0.0000e+00,0.0000e+00,p<0.001
modeMYN,89.166,1.199,74.357,9.018253969486503,0.0000e+00,0.0000e+00,p<0.001
modeMDQ,90.413,1.418,63.779,11.030015909616727,0.0000e+00,0.0000e+00,p<0.001
