intercept,estimate,std.error,t.value,df,p.value,p.adjusted,signif. (adj.)
^[L*]H,3.219,0.775,4.153,81.77276110431221,8.0110e-05,4.0053e-04,p<0.001
L*H,5.857,0.439,13.34,9.121642122926051,2.7000e-07,1.3600e-06,p<0.001
L*^[H],10.043,0.503,19.978,15.63015738350374,0.0000e+00,0.0000e+00,p<0.001
^[L*H],7.223,0.459,15.748,10.860326282582344,1.0000e-08,4.0000e-08,p<0.001
