intercept,estimate,std.error,t.value,df,p.value,p.adjusted,signif. (adj.)
acc_phonL*H,284.594,25.397,11.206,3.2378140947764393,0.0011,0.0053,p<0.01
acc_phon^[L*]H,163.784,28.571,5.733,5.183461888104061,0.002,0.01,p<0.05
acc_phonL*^[H],272.103,25.992,10.469,3.5522272281397256,8.5347e-04,0.0043,p<0.01
acc_phon^[L*H],264.32,25.522,10.356,3.3023068743171393,0.0012,0.0062,p<0.01
