intercept,estimate,std.error,t.value,df,p.value,p.adjusted,signif. (adj.)
^[L*]H,2.793,0.166,16.787,109.13252192555932,0.0000e+00,0.0000e+00,p<0.001
L*H,3.417,0.087,39.402,9.126913641872513,0.0000e+00,0.0000e+00,p<0.001
L*^[H],3.892,0.103,37.838,17.95503442147532,0.0000e+00,0.0000e+00,p<0.001
^[L*H],3.636,0.092,39.688,11.36020439726793,0.0000e+00,0.0000e+00,p<0.001
