intercept,estimate,std.error,t.value,df,p.value,p.adjusted,signif. (adj.)
^[L*]H,163.784,28.571,5.733,5.183461816753931,0.002,0.01,p<0.05
L*H,284.594,25.397,11.206,3.2378140950208607,0.0011,0.0053,p<0.01
L*^[H],272.103,25.992,10.469,3.5522282450438563,8.5346e-04,0.0043,p<0.01
^[L*H],264.32,25.522,10.356,3.302307732695066,0.0012,0.0062,p<0.01
