intercept,estimate,std.error,t.value,df,p.value,p.adjusted,signif. (adj.)
acc_phonL*H,83.592,1.571,53.223,10.007494673395238,0.0000e+00,0.0000e+00,p<0.001
acc_phon^[L*]H,87.88,1.674,52.504,12.903704010566866,0.0000e+00,0.0000e+00,p<0.001
acc_phonL*^[H],85.008,1.59,53.47,10.50628437738102,0.0000e+00,0.0000e+00,p<0.001
acc_phon^[L*H],87.513,1.575,55.578,10.110038672217641,0.0000e+00,0.0000e+00,p<0.001
