intercept,estimate,std.error,t.value,df,p.value,p.adjusted,signif. (adj.)
modeMDC,91.59,1.238,73.985,11.901898286137852,0.0000e+00,0.0000e+00,p<0.001
modeMWH,92.024,1.11,82.942,11.354721071967369,0.0000e+00,0.0000e+00,p<0.001
modeMYN,93.419,1.108,84.282,11.301192431142807,0.0000e+00,0.0000e+00,p<0.001
modeMDQ,96.539,1.497,64.469,12.304478254190483,0.0000e+00,0.0000e+00,p<0.001
