intercept,estimate,std.error,t.value,df,p.value,p.adjusted,signif. (adj.)
modeMDC,314.537,13.734,22.903,10.476533614908389,0.0000e+00,0.0000e+00,p<0.001
modeMWH,317.58,13.947,22.771,10.5981553554348,0.0000e+00,0.0000e+00,p<0.001
modeMYN,309.333,13.318,23.226,10.13970216502031,0.0000e+00,0.0000e+00,p<0.001
modeMDQ,292.337,12.585,23.23,9.082663541843731,0.0000e+00,1.0000e-08,p<0.001
