intercept,estimate,std.error,t.value,df,p.value,p.adjusted,signif. (adj.)
^[L*]H,2.944,0.687,4.283,168.73211326436098,3.0920e-05,1.5461e-04,p<0.001
L*H,6.123,0.324,18.911,10.222827924315684,0.0000e+00,1.0000e-08,p<0.001
L*^[H],10.386,0.414,25.074,27.086095130792035,0.0000e+00,0.0000e+00,p<0.001
^[L*H],7.451,0.345,21.628,13.089055297252168,0.0000e+00,0.0000e+00,p<0.001
