intercept,estimate,std.error,t.value,df,p.value,p.adjusted,signif. (adj.)
modeMDC,87.818,1.11,79.116,9.41140927564574,0.0000e+00,0.0000e+00,p<0.001
modeMWH,87.902,1.165,75.441,10.53129747043515,0.0000e+00,0.0000e+00,p<0.001
modeMYN,89.566,1.234,72.562,8.576357404910864,0.0000e+00,0.0000e+00,p<0.001
modeMDQ,90.823,1.455,62.429,10.407031596677152,0.0000e+00,0.0000e+00,p<0.001
