intercept,estimate,std.error,2.5% CI,97.5% CI,t.value,df,p.value,p.val. adj. (bf=7),signif. (adj.)
L*H,3.417,0.087,3.247,3.587,39.402,9.13,1.657897373431228e-11,1.1605281614018597e-10,p<0.001
^[L*]H,2.793,0.166,2.467,3.119,16.787,109.13,5.181436477228043e-32,3.62700553405963e-31,p<0.001
L*^[H],3.892,0.103,3.69,4.093,37.838,17.96,1.413635242296621e-18,9.895446696076347e-18,p<0.001
^[L*H],3.636,0.092,3.457,3.816,39.688,11.36,1.5204056899900212e-13,1.0642839829930148e-12,p<0.001
