intercept,estimate,std.error,t.value,df,p.value,p.adjusted,signif. (adj.)
acc_phonL*H,3.485,0.147,23.663,3.013555630204102,1.6040e-04,8.0201e-04,p<0.001
acc_phon^[L*]H,3.15,0.183,17.216,7.157460115159581,4.4000e-07,2.1800e-06,p<0.001
acc_phonL*^[H],4.005,0.154,25.963,3.62587872621321,2.9860e-05,1.4929e-04,p<0.001
acc_phon^[L*H],3.653,0.149,24.554,3.136845540783814,1.0836e-04,5.4180e-04,p<0.001
