intercept,estimate,std.error,t.value,df,p.value,p.adjusted,signif. (adj.)
acc_phonL*H,6.123,0.324,18.911,10.222829325286652,0.0000e+00,1.0000e-08,p<0.001
acc_phon^[L*]H,2.944,0.687,4.283,168.73215013576316,3.0920e-05,1.5461e-04,p<0.001
acc_phonL*^[H],10.386,0.414,25.074,27.086101092498925,0.0000e+00,0.0000e+00,p<0.001
acc_phon^[L*H],7.451,0.345,21.628,13.089057308324268,0.0000e+00,0.0000e+00,p<0.001
