intercept,estimate,conf.low,conf.high,std.error,z.value,df,p.value,p.adj (BH),signif.
modeMDC,319.858,236.0981289349254,403.6173446159318,25.876,12.361,2.91,0.001,0.002,p<0.01
modeMWH,319.479,235.72071726040173,403.23667779204374,25.876,12.346,2.91,0.001,0.002,p<0.01
modeMYN,317.405,233.6590677715752,401.1507624303856,25.879,12.265,2.91,0.001,0.002,p<0.01
modeMDQ,303.105,219.4810336875126,386.72836242230113,25.907,11.7,2.93,0.002,0.002,p<0.01
fin_phon%,319.858,236.0981289349254,403.6173446159318,25.876,12.361,2.91,0.001,0.002,p<0.01
fin_phonL%,263.332,180.46144531713833,346.203369846525,26.089,10.094,3.01,0.002,0.002,p<0.01
fin_phon^[L%],299.132,217.40015753343727,380.8646106277204,26.395,11.333,3.15,0.001,0.002,p<0.01
