intercept,estimate,conf.low,conf.high,std.error,t.value,df,p.value,p.adj (BH),signif.
modeMDC,268.214,187.77360112486053,348.65534196614885,30.708,8.734,4.71,4.4e-04,5.0e-04,p<0.001
modeMWH,267.763,187.32325202228293,348.20302685774135,30.709,8.719,4.71,4.4e-04,5.0e-04,p<0.001
modeMYN,268.135,187.71463745543844,348.55535531186587,30.735,8.724,4.72,4.4e-04,5.0e-04,p<0.001
modeMDQ,252.32,171.94631541913537,332.694228101087,30.795,8.194,4.76,5.6e-04,6.0e-04,p<0.001
acc_phonL*H,268.214,187.77360112486053,348.65534196614885,30.708,8.734,4.71,4.4e-04,5.0e-04,p<0.001
acc_phon^[L*]H,218.333,137.6567854515509,299.008231254678,34.774,6.279,7.73,2.7e-04,3.9e-04,p<0.001
acc_phonL*^[H],267.354,187.31944529171943,347.38760276514637,31.405,8.513,5.15,3.2e-04,4.5e-04,p<0.001
acc_phon^[L*H],267.609,187.4507353971053,347.7663197545104,31.145,8.592,4.98,3.6e-04,4.9e-04,p<0.001
