intercept,estimate,std.error,2.5% CI,97.5% CI,z.value,df,p.value
modeMDC,85.616,3.761,78.244,92.988,22.763,1,0.027856478880519578
modeMWH,85.897,3.761,78.526,93.269,22.838,1,0.027767493482305665
modeMYN,86.891,3.762,79.518,94.265,23.098,1,0.027384874714920578
modeMDQ,86.752,3.766,79.37,94.134,23.033,1.01,0.027078634532706973
acc_phonL*H,85.616,3.761,78.244,92.988,22.763,1,0.027856478880519578
acc_phon^[L*]H,87.499,3.861,79.931,95.067,22.66,1.11,0.020297204151133157
acc_phonL*^[H],88.724,3.779,81.318,96.13,23.481,1.02,0.025549321244980615
acc_phon^[L*H],90.033,3.771,82.641,97.425,23.872,1.01,0.02570269755643483
