"","factor","level","predicted","conf.low","conf.high","std.error"
"1","mode","MDC",63.7209204961284,10.4657359837487,116.976105008508,"27.172"
"2","mode","MWH",64.1314162360691,10.8755436624792,117.387288809659,"27.172"
"3","mode","MYN",61.441927364676,8.19975966378234,114.68409506557,"27.165"
"4","mode","MDQ",42.7398301495596,-10.4716335558799,95.9512938549991,"27.149"
