"","factor","level","predicted","conf.low","conf.high","std.error"
"1","mode","MDC",86.5971561476307,79.4900259612376,93.7042863340238,"3.626"
"2","mode","MWH",86.8849927432263,79.7777818563136,93.9922036301391,"3.626"
"3","mode","MYN",88.3841389644986,81.277920375448,95.4903575535493,"3.626"
"4","mode","MDQ",90.1159537580289,83.011645057346,97.2202624587118,"3.625"
