intercept,estimate,conf.low,conf.high,std.error,t.value,df,p.value,p.adj (BH),signif.
modeMDC,86.734,83.19714129476375,90.2710412693682,1.622,53.464,11.93,1.4e-15,7.0e-15,p<0.0001
modeMWH,87.033,83.4956926357794,90.56975822122742,1.622,53.645,11.93,1.3e-15,7.0e-15,p<0.0001
modeMYN,88.046,84.50701758969177,91.5841124625509,1.624,54.228,11.97,1.1e-15,7.0e-15,p<0.0001
modeMDQ,88.299,84.755079616203,91.8424734834185,1.628,54.24,12.1,8.1e-16,6.2e-15,p<0.0001
acc_phonL*H,86.734,83.19714129476375,90.2710412693682,1.622,53.464,11.93,1.4e-15,7.0e-15,p<0.0001
acc_phon^[L*]H,87.732,83.92316683271709,91.541362826281,1.819,48.241,18.8,3.6e-21,3.0e-19,p<0.0001
acc_phonL*^[H],88.947,85.36502740462295,92.5285698852136,1.658,53.638,13.03,1.1e-16,2.4e-15,p<0.0001
acc_phon^[L*H],89.913,86.34978242007955,93.47617276058637,1.644,54.705,12.57,2.5e-16,3.5e-15,p<0.0001
