intercept,estimate,std.error,2.5% CI,97.5% CI,z.value,df,p.value
modeMDC,94.498,6.089,82.564,106.432,15.52,10.48,1.4395395766082691e-8
modeMWH,94.77,6.091,82.833,106.707,15.56,10.49,1.384356317366891e-8
modeMYN,96.586,6.138,84.555,108.616,15.735,10.82,8.427467097197343e-9
modeMDQ,79.627,6.546,66.798,92.456,12.165,13.96,8.083535517614115e-9
acc_phonL*H,94.498,6.089,82.564,106.432,15.52,10.48,1.4395395766082691e-8
acc_phon^[L*]H,102.69,12.752,77.696,127.684,8.053,166.13,1.4877117076005646e-13
acc_phonL*^[H],83.192,7.632,68.234,98.15,10.901,25.63,4.051265740749629e-11
acc_phon^[L*H],82.438,7.114,68.494,96.381,11.588,19.44,3.5559138756543597e-10
