intercept,slope,estimate,std.error,2.5% CI,97.5% CI,z.value,df,p.value,p.adj (BH),signif.
modeMDC,modeMWH,1.792,1.944,-2.019,5.603,0.922,9.97,0.3785,0.431,
modeMDC,modeMYN,0.95,1.66,-2.303,4.203,0.573,9.78,0.5799,0.6191,
modeMDC,modeMDQ,10.237,2.385,5.563,14.911,4.293,9.04,0.002,0.0032,p<0.01
modeMWH,modeMYN,-0.842,2.776,-6.283,4.6,-0.303,9.96,0.768,0.8017,
modeMWH,modeMDQ,8.445,2.691,3.17,13.72,3.138,9.41,0.0113,0.0154,p<0.05
modeMYN,modeMDQ,9.287,1.922,5.52,13.053,4.832,9.5,7.97e-04,0.0015,p<0.01
intercept,fin_phonL%,-0.901,1.264,-3.379,1.576,-0.713,574.5218521203009,0.4761,0.5222,
intercept,genderM,5.476,4.486,-3.317,14.269,1.221,9.036814680801774,0.2531,0.2982,
