intercept,slope,estimate,conf.low,conf.high,std.error,z.value,df,p.value
modeMDC,modeMWH,0.399,-0.4233630013501372,1.221564774950772,0.371,1.075,10.46,0.30662973441607755
modeMDC,modeMYN,1.745,0.9844167005788915,2.504934036297847,0.343,5.086,10.4,4.182489576526597e-4
modeMDC,modeMDQ,4.482,2.985835753605162,5.977396843810617,0.673,6.656,10.23,5.089453221895085e-5
modeMWH,modeMYN,1.346,0.2704556886106644,2.4206931740515305,0.482,2.791,9.94,0.01919102305914171
modeMWH,modeMDQ,4.083,2.1049385234399995,6.060091502620855,0.889,4.59,10.15,9.560072224683586e-4
modeMYN,modeMDQ,2.737,1.0810233690402944,4.392857845468054,0.745,3.673,10.19,0.00415989818978677
