intercept,estimate,std.error,2.5% CI,97.5% CI,z.value,df,p.value
modeMDC,85.749,2.712,80.434,91.065,31.618,0.62,0.07454794205188135
modeMWH,86.046,2.71,80.735,91.358,31.753,0.61,0.07484062748191499
modeMYN,87.676,2.674,82.436,92.916,32.794,0.57,0.08732864450907836
modeMDQ,89.835,2.811,84.326,95.344,31.963,0.69,0.05671462661859823
