intercept,slope,estimate,conf.low,conf.high,std.error,t.value,df,p.value,p.adj (BH),signif.
modeMDC,modeMWH,0.406,-0.02891905979188808,0.8415550585443989,0.222,1.833,615.98,0.067,0.097,
modeMDC,modeMYN,1.719,1.282017356561229,2.1559517370543855,0.223,7.725,616.12,4.5e-14,2.9e-13,p<0.0001
modeMDC,modeMDQ,4.513,4.044570008969848,4.980512566984541,0.238,18.937,617.96,2.1e-63,2.6e-61,p<0.0001
modeMWH,modeMYN,1.313,0.8763179330301469,1.749015161850677,0.222,5.908,616.17,5.7e-09,2.1e-08,p<0.0001
modeMWH,modeMDQ,4.106,3.6374300581047336,4.575016519185088,0.239,17.201,618.02,1.8e-54,1.1e-52,p<0.0001
modeMYN,modeMDQ,2.794,2.336284473085709,3.250829009247331,0.233,11.997,617.52,5.9e-30,1.2e-28,p<0.0001
