intercept,estimate,conf.low,conf.high,std.error,z.value,df,p.value,p.adj (BH),signif.
modeMDC,92.334,89.3308482282222,95.33628353553416,1.332,69.345,9.19,8.2e-14,2.0e-13,p<0.0001
modeMWH,92.741,89.73799210371799,95.7435134883773,1.332,69.648,9.19,7.9e-14,2.0e-13,p<0.0001
modeMYN,94.049,91.04610236101152,97.05212891040736,1.332,70.616,9.2,6.8e-14,1.9e-13,p<0.0001
modeMDQ,96.828,93.82187674412154,99.83351747329482,1.335,72.536,9.28,4.2e-14,1.8e-13,p<0.0001
fin_phon%,92.334,89.3308482282222,95.33628353553416,1.332,69.345,9.19,8.2e-14,2.0e-13,p<0.0001
fin_phonL%,91.809,88.78509641709506,94.83207431476136,1.353,67.846,9.8,2.0e-14,1.2e-13,p<0.0001
fin_phon^[L%],95.34,92.27999987045088,98.39975252952732,1.388,68.705,10.84,1.2e-15,2.1e-14,p<0.0001
