intercept,estimate,std.error,2.5% CI,97.5% CI,z.value,df,p.value
modeMDC,6.057,0.387,5.297,6.816,15.635,1.09,0.03223280596394636
modeMWH,6.239,0.387,5.479,6.998,16.1,1.09,0.03110783233435001
modeMYN,5.954,0.394,5.182,6.726,15.112,1.17,0.02789593854720845
modeMDQ,7.031,0.43,6.188,7.874,16.349,1.65,0.00801866771527645
acc_phonL*H,6.057,0.387,5.297,6.816,15.635,1.09,0.03223280596394636
acc_phon^[L*]H,3.228,0.911,1.442,5.014,3.542,32.56,0.0012249197886488538
acc_phonL*^[H],9.732,0.517,8.719,10.745,18.833,3.45,1.3272628816104584e-4
acc_phon^[L*H],7.059,0.468,6.141,7.978,15.069,2.35,0.0021786545558904304
