intercept,estimate,conf.low,conf.high,std.error,t.value,df,p.value,p.adj (BH),signif.
modeMDC,90.16,86.12304376231886,94.19795369022648,1.803,50.005,9.65,5.6e-13,1.4e-12,p<0.0001
modeMWH,90.578,86.54042325092067,94.6155259340982,1.803,50.234,9.65,5.4e-13,1.4e-12,p<0.0001
modeMYN,91.29,87.25025760961256,95.32918214431687,1.805,50.574,9.69,4.6e-13,1.2e-12,p<0.0001
modeMDQ,92.46,88.41666537441817,96.50431076631271,1.81,51.093,9.79,3.3e-13,9.1e-13,p<0.0001
acc_phonL*H,90.16,86.12304376231886,94.19795369022648,1.803,50.005,9.65,5.6e-13,1.4e-12,p<0.0001
acc_phon^[L*]H,89.887,85.45972029436437,94.315126046853635,2.107,42.664,17.92,1.8e-19,4.8e-18,p<0.0001
acc_phonL*^[H],93.737,89.64479911424107,97.82974228534668,1.856,50.515,10.82,3.4e-14,1.1e-13,p<0.0001
acc_phon^[L*H],93.729,89.65698779172465,97.80043849813369,1.836,51.038,10.38,8.4e-14,2.4e-13,p<0.0001
