intercept,slope,estimate,std.error,2.5% CI,97.5% CI,z.value,df,p.value
modeMDC,modeMWH,0.297,0.328,-0.347,0.941,0.904,10.01,0.3869895471260627
modeMDC,modeMYN,1.927,0.273,1.391,2.463,7.051,9.85,3.783870075021516e-5
modeMDC,modeMDQ,4.086,0.58,2.949,5.223,7.042,10.11,3.344889658329581e-5
modeMWH,modeMYN,1.63,0.407,0.831,2.429,4.001,9.92,0.002558417506781507
modeMWH,modeMDQ,3.789,0.805,2.211,5.366,4.707,10.07,8.178157476342888e-4
modeMYN,modeMDQ,2.159,0.702,0.784,3.534,3.077,10.08,0.011591734247215936
intercept,fin_phonL%,-0.259,0.206,-0.662,0.144,-1.261,600.3698300924308,0.2078315696540824
