intercept,estimate,conf.low,conf.high,std.error,z.value,df,p.value,p.adj (BH),signif.
modeMDC,95.851,82.0549023719549,109.64766741409478,6.214,15.424,10.28,1.9e-08,2.9e-08,p<0.0001
modeMWH,96.259,82.46262053206459,110.05578261185408,6.215,15.489,10.28,1.9e-08,2.9e-08,p<0.0001
modeMYN,93.647,79.84531739743075,107.44859779179168,6.219,15.057,10.31,2.4e-08,3.5e-08,p<0.0001
modeMDQ,75.209,61.349418867163926,89.0687317091263,6.273,11.99,10.66,1.6e-07,2.2e-07,p<0.0001
fin_phon%,95.851,82.0549023719549,109.64766741409478,6.214,15.424,10.28,1.9e-08,2.9e-08,p<0.0001
fin_phonL%,92.39,78.12440345215587,106.65602630484264,6.607,13.984,13.06,3.1e-09,5.2e-09,p<0.0001
fin_phon^[L%],81.22,66.19909059450312,96.2409943517978,7.147,11.364,17.91,1.3e-09,2.4e-09,p<0.0001
