intercept,estimate,conf.low,conf.high,std.error,t.value,df,p.value,p.adj (BH),signif.
modeMDC,66.207,43.51461689234726,88.89936241840574,10.45,6.336,12.38,3.3e-05,5.2e-05,p<0.0001
modeMWH,66.611,43.91659452523281,89.3048482679849,10.451,6.373,12.38,3.1e-05,5.0e-05,p<0.0001
modeMYN,63.912,41.24290327344501,86.5805252724905,10.433,6.126,12.3,4.6e-05,7.0e-05,p<0.0001
modeMDQ,45.159,22.545726930497043,67.77149119510399,10.392,4.346,12.14,9.3e-04,0.001,p<0.01
