intercept,estimate,conf.low,conf.high,std.error,t.value,df,p.value,p.adj (BH),signif.
modeMDC,83.99,80.45335107498036,87.52723063006829,1.623,51.753,11.97,1.9e-15,8.9e-15,p<0.0001
modeMWH,84.076,80.53903944716566,87.61313754328384,1.623,51.803,11.97,1.9e-15,8.9e-15,p<0.0001
modeMYN,85.178,81.63985423958167,88.71634991704315,1.624,52.45,12,1.5e-15,8.6e-15,p<0.0001
modeMDQ,85.032,81.48936940744737,88.57480169288611,1.628,52.24,12.12,1.2e-15,8.6e-15,p<0.0001
acc_phonL*H,83.99,80.45335107498036,87.52723063006829,1.623,51.753,11.97,1.9e-15,8.9e-15,p<0.0001
acc_phon^[L*]H,86.87,83.11302286142373,90.6276057511723,1.785,48.678,17.48,4.1e-20,1.6e-18,p<0.0001
acc_phonL*^[H],84.707,81.13363857548234,88.27959142749913,1.652,51.277,12.85,3.0e-16,4.0e-15,p<0.0001
acc_phon^[L*H],86.724,83.16486323529152,90.2821874728085,1.641,52.862,12.5,4.5e-16,5.1e-15,p<0.0001
