intercept,estimate,conf.low,conf.high,std.error,z.value,df,p.value,p.adj (BH),signif.
modeMDC,86.568,83.85470034407213,89.28145794149778,1.202,72.031,9.12,7.0e-14,1.9e-13,p<0.0001
modeMWH,86.693,83.97972752973837,89.40653215833265,1.202,72.133,9.12,6.9e-14,1.9e-13,p<0.0001
modeMYN,88.187,85.47328189124084,90.90037390487026,1.202,73.366,9.12,5.9e-14,1.8e-13,p<0.0001
modeMDQ,89.038,86.32228359600457,91.75299862735172,1.204,73.951,9.18,4.6e-14,1.6e-13,p<0.0001
fin_phon%,86.568,83.85470034407213,89.28145794149778,1.202,72.031,9.12,7.0e-14,1.9e-13,p<0.0001
fin_phonL%,87.137,84.4116581730163,89.86148491814471,1.214,71.764,9.5,2.6e-14,1.2e-13,p<0.0001
fin_phon^[L%],89.275,86.52945322921563,92.02150907723832,1.235,72.268,10.18,3.9e-15,4.1e-14,p<0.0001
