"","factor","level","predicted","conf.low","conf.high","std.error"
"1","mode","MDC",34.5505857538788,24.2581735228231,44.8429979849346,"5.251"
"2","mode","MWH",36.3860510755135,26.1572571818384,46.6148449691887,"5.219"
"3","mode","MYN",33.6914492033943,23.6014083129391,43.7814900938495,"5.148"
"4","mode","MDQ",39.2139815696364,29.6237581446063,48.8042049946665,"4.893"
"5","acc_phon","L*H",34.5505857538788,24.2581735228231,44.8429979849346,"5.251"
"6","acc_phon","^[L*]H",28.3803441578045,16.1003937551213,40.6602945604877,"6.265"
"7","acc_phon","L*^[H]",51.3873084515119,40.610980507818,62.1636363952059,"5.498"
"8","acc_phon","^[L*H]",40.7885354513098,30.2577639382581,51.3193069643615,"5.373"
