"","factor","level","predicted","conf.low","conf.high","std.error"
"1","mode","MDC",83.630312981912,75.0526226110911,92.2080033527329,"4.376"
"2","mode","MWH",83.785267621316,75.1688347055534,92.4017005370786,"4.396"
"3","mode","MYN",85.3086235991904,76.7010127482602,93.9162344501205,"4.392"
"4","mode","MDQ",86.2829474898733,77.5954552769162,94.9704397028304,"4.432"
