intercept,slope,estimate,std.error,2.5% CI,97.5% CI,z.value,df,p.value,p.adj (BH),signif.
modeMDC,modeMWH,0.26,0.305,-0.339,0.858,0.85,10.05,0.415,0.4659,
modeMDC,modeMYN,0.073,0.321,-0.555,0.702,0.229,9.81,0.8239,0.8526,
modeMDC,modeMDQ,1.976,0.479,1.038,2.913,4.129,9.35,0.0024,0.0038,p<0.01
modeMWH,modeMYN,-0.186,0.458,-1.085,0.712,-0.407,9.96,0.6928,0.7328,
modeMWH,modeMDQ,1.716,0.558,0.623,2.809,3.078,9.7,0.0121,0.0163,p<0.05
modeMYN,modeMDQ,1.902,0.326,1.263,2.541,5.836,9.48,2.03e-04,4.20e-04,p<0.001
intercept,fin_phonL%,-1.459,0.204,-1.858,-1.06,-7.166,593.9121271004985,2.30e-12,8.83e-12,p<0.0001
intercept,genderM,1.214,0.738,-0.233,2.661,1.644,8.9820837212125,0.1346,0.1651,
