"","factor","level","predicted","conf.low","conf.high","std.error"
"1","mode","MDC",5.83489361195235,4.49427111798594,7.17551610591876,"0.684"
"2","mode","MWH",6.09625726793062,4.70458965897132,7.48792487688992,"0.71"
"3","mode","MYN",5.91333408998067,4.58214349397027,7.24452468599108,"0.679"
"4","mode","MDQ",7.7338137608216,6.26413357246014,9.20349394918307,"0.75"
