intercept,slope,estimate,conf.low,conf.high,std.error,t.value,df,p.value,p.adj (BH),signif.
modeMDC,modeMWH,0.124,-0.18642056809001184,0.4351399616724123,0.158,0.786,610.99,0.432,0.528,
modeMDC,modeMYN,1.621,1.3093786725876542,1.933470077438856,0.159,10.204,611.13,1.1e-22,1.4e-21,p<0.0001
modeMDC,modeMDQ,2.483,2.1459478628906865,2.819490981243499,0.171,14.478,612.81,4.5e-41,1.5e-39,p<0.0001
modeMWH,modeMYN,1.497,1.1854525270521172,1.808676829231354,0.159,9.435,611.16,8.1e-20,7.3e-19,p<0.0001
modeMWH,modeMDQ,2.358,2.020958807764204,2.695760642066749,0.172,13.727,612.86,1.4e-37,3.5e-36,p<0.0001
modeMYN,modeMDQ,0.861,0.5322845075893456,1.1903055860505412,0.168,5.141,612.36,3.7e-07,1.4e-06,p<0.0001
