intercept,estimate,conf.low,conf.high,std.error,t.value,df,p.value,p.adj (BH),signif.
modeMDC,67.408,45.90607504317079,88.90942752498968,9.888,6.817,12.22,1.7e-05,2.7e-05,p<0.0001
modeMWH,67.732,46.22953590386568,89.2353466543969,9.889,6.849,12.22,1.6e-05,2.7e-05,p<0.0001
modeMYN,69.476,47.92544053150951,91.02664714095188,9.928,6.998,12.42,1.2e-05,2.1e-05,p<0.0001
modeMDQ,47.041,25.381162659949155,68.70178980657028,10.022,4.694,12.95,4.2e-04,5.5e-04,p<0.001
acc_phonL*H,67.408,45.90607504317079,88.90942752498968,9.888,6.817,12.22,1.7e-05,2.7e-05,p<0.0001
acc_phon^[L*]H,81.249,51.74567414642146,110.75289022490094,14.737,5.513,57.6,8.7e-07,1.6e-06,p<0.0001
acc_phonL*^[H],63.344,40.54876455200612,86.14019708646907,10.831,5.849,17.55,1.7e-05,2.7e-05,p<0.0001
acc_phon^[L*H],65.389,43.09640618697048,87.68068311784359,10.481,6.239,15.37,1.4e-05,2.4e-05,p<0.0001
