intercept,slope,estimate,conf.low,conf.high,std.error,z.value,df,p.value
modeMDC,modeMWH,0.155,-0.5093246749433872,0.8192339537514249,0.298,0.52,10.03,0.614639138981786
modeMDC,modeMYN,1.678,0.9809467111953636,2.3756745233613215,0.312,5.374,9.84,3.303657742907394e-4
modeMDC,modeMDQ,2.653,1.4609019867279884,3.8443670291945904,0.536,4.947,10.19,5.493488233770901e-4
modeMWH,modeMYN,1.523,0.48716855293710704,2.55954327149714,0.465,3.276,9.98,0.008357353213447109
modeMWH,modeMDQ,2.498,0.849162845363794,4.146196526308379,0.741,3.37,10.13,0.006994727146671401
modeMYN,modeMDQ,0.974,-0.2891280331272862,2.237777090839457,0.568,1.715,10.12,0.11665714891005492
