"","factor","level","predicted","conf.low","conf.high","std.error"
"1","mode","MDC",263.98873921135,181.965093395037,346.012385027664,"41.85"
"2","mode","MWH",263.630413061096,181.604662740383,345.656163381808,"41.851"
"3","mode","MYN",260.814730986061,178.814009724931,342.81545224719,"41.838"
"4","mode","MDQ",247.395854328541,165.442372119917,329.349336537164,"41.814"
