intercept,estimate,std.error,2.5% CI,97.5% CI,z.value,df,p.value
modeMDC,70.648,29.06,13.692,127.604,2.431,0.95,0.2592999314558043
modeMWH,71.015,29.112,13.957,128.073,2.439,0.95,0.2572746354508492
modeMYN,67.813,29.179,10.623,125.003,2.324,0.97,0.26525715272851746
modeMDQ,48.368,29.38,-9.216,105.952,1.646,0.99,0.34981300834253565
prompt1,70.648,29.06,13.692,127.604,2.431,0.95,0.2592999314558043
prompt2,69.396,29.064,12.432,126.36,2.388,0.95,0.2632408782333176
prompt3,66.013,29.069,9.039,122.986,2.271,0.95,0.27478141508060916
