intercept,estimate,std.error,2.5% CI,97.5% CI,z.value,df,p.value
modeMDC,32.925,4.973,23.179,42.671,6.621,2.97,0.0072569159315995484
modeMWH,34.776,4.972,25.031,44.521,6.995,2.97,0.0062263393802144355
modeMYN,33.544,4.99,23.764,43.324,6.722,3.01,0.006654853181406286
modeMDQ,39.482,5.097,29.493,49.471,7.747,3.27,0.0032569924514857167
acc_phonL*H,32.925,4.973,23.179,42.671,6.621,2.97,0.0072569159315995484
acc_phon^[L*]H,17.981,6.966,4.328,31.635,2.581,11.38,0.02494179831109746
acc_phonL*^[H],50.636,5.37,40.111,61.161,9.43,4.04,6.761723984938342e-4
acc_phon^[L*H],35.871,5.214,25.651,46.091,6.879,3.59,0.003452800990316752
