intercept,estimate,std.error,2.5% CI,97.5% CI,z.value,df,p.value
modeMDC,5.707,0.472,4.783,6.631,12.103,9.72,3.5319061422595007e-7
modeMWH,5.889,0.472,4.964,6.814,12.482,9.74,2.608110534465505e-7
modeMYN,5.607,0.475,4.676,6.539,11.803,10.01,3.3752594864256094e-7
modeMDQ,6.686,0.504,5.698,7.674,13.264,12.67,8.439366131552328e-9
acc_phonL*H,5.707,0.472,4.783,6.631,12.103,9.72,3.5319061422595007e-7
acc_phon^[L*]H,2.86,0.957,0.985,4.736,2.989,140.99,0.0033073121412163014
acc_phonL*^[H],9.383,0.582,8.242,10.524,16.113,22.44,8.017655624595317e-14
acc_phon^[L*H],6.703,0.545,5.635,7.771,12.304,17.25,5.732537652810502e-10
