intercept,estimate,conf.low,conf.high,std.error,t.value,df,p.value,p.adj (BH),signif.
modeMDC,268.214,187.77359681120163,348.6553462786859,30.708,8.734,4.71,4.4e-04,5.5e-04,p<0.001
modeMWH,267.763,187.32326051934615,348.20301835662235,30.709,8.719,4.71,4.4e-04,5.5e-04,p<0.001
modeMYN,268.135,187.71465171112115,348.5553410527044,30.735,8.724,4.72,4.4e-04,5.5e-04,p<0.001
modeMDQ,252.32,171.94632084485602,332.69422266961885,30.795,8.194,4.76,5.6e-04,6.5e-04,p<0.001
acc_phonL*H,268.214,187.77359681120163,348.6553462786859,30.708,8.734,4.71,4.4e-04,5.5e-04,p<0.001
acc_phon^[L*]H,218.333,137.65677546246175,299.0082412732945,34.774,6.279,7.73,2.7e-04,4.1e-04,p<0.001
acc_phonL*^[H],267.354,187.31942554880905,347.3876225122726,31.405,8.513,5.15,3.2e-04,4.6e-04,p<0.001
acc_phon^[L*H],267.609,187.45073907116233,347.766316086665,31.145,8.592,4.98,3.6e-04,5.1e-04,p<0.001
