"","factor","level","predicted","conf.low","conf.high","std.error"
"1","mode","MDC",87.7492897959644,80.1642459005687,95.33433369136,"3.87"
"2","mode","MWH",88.0497064710207,80.4642979207115,95.63511502133,"3.87"
"3","mode","MYN",88.9344462829504,81.3561737432309,96.5127188226699,"3.867"
"4","mode","MDQ",89.9837437127625,82.4071140242384,97.5603734012867,"3.866"
"5","acc_phon","^[L*]H",87.7492897959644,80.1642459005687,95.33433369136,"3.87"
"6","acc_phon","L*H",86.5403265716735,79.0648278442952,94.0158252990519,"3.814"
"7","acc_phon","L*^[H]",87.9116984683769,80.4102328008207,95.413164135933,"3.827"
"8","acc_phon","^[L*H]",88.8857964303703,81.3999242480306,96.37166861271,"3.819"
