intercept,slope,estimate,conf.low,conf.high,std.error,z.value,df,p.value
modeMDC,modeMWH,1.796,-2.5078757338322886,6.100480639066556,1.931,0.93,9.98,0.37424366870647285
modeMDC,modeMYN,0.694,-3.329230931603572,4.7172019177674045,1.8,0.386,9.76,0.7080309095922391
modeMDC,modeMDQ,9.762,4.057391232919443,15.467175659587586,2.509,3.89,8.71,0.003906340482560941
modeMWH,modeMYN,-1.102,-7.450556972459089,5.245921116512247,2.848,-0.387,9.96,0.7068150776458678
modeMWH,modeMDQ,7.966,1.7550336399336661,14.1769798464822,2.761,2.885,9.35,0.01735590656525021
modeMYN,modeMDQ,9.068,4.7618430459818955,13.374730874414134,1.916,4.732,9.41,9.469140682369457e-4
