intercept,slope,estimate,std.error,2.5% CI,97.5% CI,z.value,df,p.value,p.adj (BH),signif.
modeMDC,modeMWH,0.395,0.231,-0.058,0.849,1.709,617.01,0.088,0.1108,
modeMDC,modeMYN,1.839,0.232,1.385,2.293,7.936,617,9.88e-15,8.11e-14,p<0.0001
modeMDC,modeMDQ,5.072,0.236,4.609,5.534,21.483,617.05,7.29e-77,1.74e-74,p<0.0001
modeMWH,modeMYN,1.444,0.231,0.99,1.897,6.242,617.02,8.05e-10,2.74e-09,p<0.0001
modeMWH,modeMDQ,4.676,0.236,4.214,5.139,19.815,617.08,5.32e-68,6.33e-66,p<0.0001
modeMYN,modeMDQ,3.233,0.235,2.772,3.694,13.747,617.04,1.04e-37,2.75e-36,p<0.0001
intercept,fin_phonL%,-0.906,0.285,-1.465,-0.347,-3.179,619.8401113327399,0.0016,0.0027,p<0.01
intercept,genderM,-6.663,2.049,-10.679,-2.647,-3.252,8.994257078350412,0.01,0.0137,p<0.05
