intercept,slope,estimate,conf.low,conf.high,std.error,t.value,df,p.value,p.adj (BH),signif.
modeMDC,modeMWH,0.404,-3.5337894989086553,4.341252980193596,2.005,0.201,610.88,0.84,0.942,
modeMDC,modeMYN,-2.295,-6.259805235926404,1.6692544024272942,2.019,-1.137,611.71,0.256,0.351,
modeMDC,modeMDQ,-21.048,-25.261320323500673,-16.835440861919576,2.145,-9.812,597.23,3.6e-21,3.1e-20,p<0.0001
modeMWH,modeMYN,-2.699,-6.651768446196975,1.2537541312545168,2.013,-1.341,611.91,0.18,0.256,
modeMWH,modeMDQ,-21.452,-25.665332374712595,-17.238892292556923,2.145,-10,595.95,7.2e-22,6.8e-21,p<0.0001
modeMYN,modeMDQ,-18.753,-22.880955572601536,-14.625254806523555,2.102,-8.922,609.03,5.3e-18,3.8e-17,p<0.0001
