intercept,estimate,std.error,2.5% CI,97.5% CI,z.value,df,p.value
modeMDC,6.089,0.435,5.236,6.942,13.992,10.58,3.6665793204137854e-8
modeMWH,6.348,0.473,5.42,7.276,13.408,10.52,5.977716065348997e-8
modeMYN,6.163,0.43,5.319,7.006,14.32,10.58,2.8936380074964534e-8
modeMDQ,8.064,0.546,6.993,9.134,14.759,10.36,2.718338057350231e-8
prompt1,6.089,0.435,5.236,6.942,13.992,10.58,3.6665793204137854e-8
prompt2,6.218,0.437,5.362,7.074,14.234,10.74,2.596074829708755e-8
prompt3,6.19,0.437,5.333,7.047,14.153,10.79,2.6169210606145378e-8
