"","factor","level","predicted","conf.low","conf.high","std.error"
"1","mode","MDC",86.6124675583136,83.1565831819667,90.0683519346604,"1.763"
"2","mode","MWH",86.9184651849839,83.4624236407093,90.3745067292585,"1.763"
"3","mode","MYN",88.1145327095157,84.8306471626917,91.3984182563397,"1.675"
"4","mode","MDQ",89.5531214461538,86.0220535729457,93.0841893193618,"1.802"
"5","acc_phon","^[L*]H",86.6124675583136,83.1565831819667,90.0683519346604,"1.763"
"6","acc_phon","L*H",86.6616391828662,83.3959780015343,89.9273003641982,"1.666"
"7","acc_phon","L*^[H]",87.5291598990559,84.215712687331,90.8426071107809,"1.691"
"8","acc_phon","^[L*H]",87.9179897497501,84.6313136661438,91.2046658333563,"1.677"
