intercept,slope,estimate,conf.low,conf.high,std.error,z.value,df,p.value
modeMDC,modeMWH,0.41,-3.526893305538037,4.3478847854194145,2.005,0.205,610.97,0.8378409124486874
modeMDC,modeMYN,-2.279,-6.243374320996346,1.6853880580914344,2.019,-1.129,611.78,0.2593602811369029
modeMDC,modeMDQ,-20.981,-25.19342164269037,-16.768759050447304,2.145,-9.782,598.83,4.5970310267565485e-21
modeMWH,modeMYN,-2.689,-6.6419878172290865,1.263009974364802,2.013,-1.336,612.04,0.18194601639434682
modeMWH,modeMDQ,-21.392,-25.603927461013043,-17.17924511182013,2.145,-9.974,597.82,8.951539427074465e-22
modeMYN,modeMDQ,-18.702,-22.829623778862242,-14.574570472127775,2.102,-8.898,609.62,6.428551538130534e-18
