"","factor","level","predicted","conf.low","conf.high","std.error"
"1","mode","MDC",34.4507960108388,23.8029993019472,45.0985927197305,"5.433"
"2","mode","MWH",36.247098463456,25.7855563499324,46.7086405769795,"5.338"
"3","mode","MYN",35.1447815039208,24.5656332346372,45.7239297732043,"5.398"
"4","mode","MDQ",44.2130794570923,33.8655569824082,54.5606019317765,"5.279"
