intercept,slope,estimate,conf.low,conf.high,std.error,z.value,df,p.value
modeMDC,modeMWH,-0.358,-6.253216603187865,5.536564302678451,3.002,-0.119,614.08,0.9050185513787947
modeMDC,modeMYN,-3.174,-9.093879561434399,2.7458631108553204,3.014,-1.053,614.19,0.2927859825803116
modeMDC,modeMDQ,-16.593,-22.933336880854085,-10.252432884765042,3.229,-5.139,616.22,3.707122081800925e-7
modeMWH,modeMYN,-2.816,-8.727051945963256,3.0956878004217856,3.01,-0.935,614.29,0.3499467329771464
modeMWH,modeMDQ,-16.235,-22.58640289702869,-9.882714554585938,3.234,-5.019,616.43,6.796052728672325e-7
modeMYN,modeMDQ,-13.419,-19.613048590962087,-7.22470471460405,3.154,-4.254,615.61,2.4227226100816916e-5
