intercept,estimate,conf.low,conf.high,std.error,t.value,df,p.value,p.adj (BH),signif.
modeMDC,5.941,4.97012907759668,6.911711085420353,0.434,13.682,9.75,1.1e-07,2.0e-07,p<0.0001
modeMWH,6.137,5.166270516421246,7.108671207759423,0.435,14.124,9.78,7.9e-08,1.6e-07,p<0.0001
modeMYN,5.84,4.864367403787475,6.815274927903931,0.439,13.304,10.2,9.0e-08,1.8e-07,p<0.0001
modeMDQ,6.896,5.910357833498897,7.881149630368754,0.451,15.303,11.62,4.7e-09,9.6e-09,p<0.0001
acc_phonL*H,5.941,4.97012907759668,6.911711085420353,0.434,13.682,9.75,1.1e-07,2.0e-07,p<0.0001
acc_phon^[L*]H,3.109,1.2990504532998928,4.919733490925506,0.916,3.394,148.42,8.8e-04,0.001,p<0.01
acc_phonL*^[H],9.572,8.45128214693649,10.692905720703113,0.542,17.646,23.5,4.7e-15,2.1e-14,p<0.0001
acc_phon^[L*H],7.126,6.063169118452251,8.18844531026063,0.505,14.123,17.4,5.8e-11,1.2e-10,p<0.0001
