"","factor","level","predicted","conf.low","conf.high","std.error"
"1","mode","MDC",89.6763893700895,84.093601128823,95.259177611356,"2.848"
"2","mode","MWH",90.0754902568898,84.6061137092609,95.5448668045187,"2.791"
"3","mode","MYN",91.4210647385279,85.9423845278781,96.8997449491776,"2.795"
"4","mode","MDQ",94.1580056687974,88.4307447328697,99.885266604725,"2.922"
