intercept,estimate,std.error,2.5% CI,97.5% CI,z.value,df,p.value
modeMDC,86.835,1.263,84.359,89.311,68.742,9.08,1.1789898698065851e-13
modeMWH,86.936,1.263,84.46,89.412,68.817,9.09,1.159683197610469e-13
modeMYN,87.976,1.264,85.498,90.454,69.582,9.12,9.663080790864393e-14
modeMDQ,87.183,1.274,84.685,89.681,68.409,9.41,5.148218511982034e-14
acc_phonL*H,86.835,1.263,84.359,89.311,68.742,9.08,1.1789898698065851e-13
acc_phon^[L*]H,90.609,1.482,87.704,93.514,61.134,17.17,1.5407787195008013e-21
acc_phonL*^[H],88.459,1.303,85.905,91.013,67.888,10.28,5.607494246528509e-15
acc_phon^[L*H],90.841,1.289,88.313,93.368,70.45,9.86,1.1716911838692457e-14
