intercept,estimate,std.error,2.5% CI,97.5% CI,z.value,df,p.value
modeMDC,32.316,2.925,26.583,38.05,11.047,10.44,4.34837884506473e-7
modeMWH,34.11,2.737,28.746,39.475,12.462,10.51,1.24689366043279e-7
modeMYN,33.265,2.829,27.72,38.811,11.757,10.46,2.32120763754514e-7
modeMDQ,42.554,2.635,37.389,47.719,16.147,10.5,9.407925970132505e-9
prompt1,32.316,2.925,26.583,38.05,11.047,10.44,4.34837884506473e-7
prompt2,42.52,2.934,36.769,48.271,14.492,10.56,2.6238051965753273e-8
prompt3,27.097,2.937,21.341,32.853,9.227,10.6,2.162882688715771e-6
