intercept,slope,estimate,std.error,2.5% CI,97.5% CI,z.value,df,p.value,p.adj (BH),signif.
modeMDC,modeMWH,-0.277,3.035,-6.224,5.671,-0.091,615.03,0.9274,0.9313,
modeMDC,modeMYN,-4.014,3.039,-9.972,1.943,-1.321,615.02,0.1871,0.226,
modeMDC,modeMDQ,-20.57,3.096,-26.638,-14.501,-6.643,615.16,6.75e-11,2.47e-10,p<0.0001
modeMWH,modeMYN,-3.738,3.033,-9.683,2.208,-1.232,615.07,0.2184,0.2586,
modeMWH,modeMDQ,-20.293,3.095,-26.359,-14.227,-6.556,615.25,1.17e-10,4.19e-10,p<0.0001
modeMYN,modeMDQ,-16.555,3.083,-22.598,-10.512,-5.369,615.11,1.12e-07,3.25e-07,p<0.0001
intercept,fin_phonL%,-55.494,3.857,-63.053,-47.934,-14.388,621.9137259823284,9.99e-41,2.97e-39,p<0.0001
intercept,genderM,-60.489,16.374,-92.582,-28.395,-3.694,8.994114077320381,0.005,0.0071,p<0.01
