intercept,estimate,std.error,2.5% CI,97.5% CI,z.value,df,p.value
modeMDC,89.062,2.631,83.906,94.219,33.854,1.24,0.008621038652505708
modeMWH,89.454,2.565,84.426,94.482,34.87,1.12,0.012327204266660851
modeMYN,90.901,2.572,85.86,95.941,35.347,1.13,0.011717496666427744
modeMDQ,94.061,2.764,88.643,99.478,34.031,1.5,0.0038056549310113
prompt1,89.062,2.631,83.906,94.219,33.854,1.24,0.008621038652505708
prompt2,89.348,2.631,84.191,94.505,33.958,1.24,0.008565629395046109
prompt3,89.102,2.631,83.944,94.259,33.862,1.24,0.00858419639178962
