intercept,estimate,conf.low,conf.high,std.error,t.value,df,p.value,p.adj (BH),signif.
modeMDC,90.16,86.12304429775925,94.19795315315032,1.803,50.005,9.65,5.6e-13,1.3e-12,p<0.0001
modeMWH,90.578,86.54042322698133,94.6155259567525,1.803,50.234,9.65,5.4e-13,1.3e-12,p<0.0001
modeMYN,91.29,87.25025742737405,95.32918232581224,1.805,50.574,9.69,4.6e-13,1.2e-12,p<0.0001
modeMDQ,92.46,88.4166650104154,96.50431113014731,1.81,51.093,9.79,3.3e-13,8.7e-13,p<0.0001
acc_phonL*H,90.16,86.12304429775925,94.19795315315032,1.803,50.005,9.65,5.6e-13,1.3e-12,p<0.0001
acc_phon^[L*]H,89.887,85.459720267774,94.31512607461092,2.107,42.664,17.92,1.8e-19,5.7e-18,p<0.0001
acc_phonL*^[H],93.737,89.64479885205378,97.82974254524932,1.856,50.515,10.82,3.4e-14,1.1e-13,p<0.0001
acc_phon^[L*H],93.729,89.65698776228433,97.80043852546206,1.836,51.038,10.38,8.4e-14,2.3e-13,p<0.0001
