intercept,estimate,std.error,2.5% CI,97.5% CI,z.value,df,p.value
modeMDC,92.555,1.351,89.906,95.203,68.488,9.14,1.0457753254400206e-13
modeMWH,92.945,1.351,90.296,95.594,68.773,9.14,1.0004500833309579e-13
modeMYN,93.634,1.353,90.981,96.286,69.181,9.2,8.206080771091976e-14
modeMDQ,94.043,1.371,91.356,96.73,68.599,9.68,2.4569163323853218e-14
acc_phonL*H,92.555,1.351,89.906,95.203,68.488,9.14,1.0457753254400206e-13
acc_phon^[L*]H,93.142,1.726,89.758,96.526,53.95,24.19,1.0037416120199322e-26
acc_phonL*^[H],97.628,1.422,94.841,100.414,68.669,11.19,4.712564901545369e-16
acc_phon^[L*H],97.584,1.397,94.847,100.322,69.872,10.43,2.8674352823904927e-15
