intercept,estimate,conf.low,conf.high,std.error,t.value,df,p.value,p.adj (BH),signif.
modeMDC,-0.94,-3.9652582546085338,2.085734856123812,1.431,-0.657,16.61,0.52,0.52,
modeMWH,-3.081,-6.2948790796530725,0.13223801766764964,1.537,-2.005,19.3,0.059,0.062,
modeMYN,1.934,-1.0282674944777257,4.896322498060034,1.392,1.39,15.25,0.185,0.191,
modeMDQ,4.011,0.7788437466548546,7.24355681154143,1.546,2.595,19.28,0.018,0.019,p<0.05
