intercept,slope,estimate,conf.low,conf.high,std.error,t.value,df,p.value,p.adj (BH),signif.
modeMDC,modeMWH,0.389,-0.2971031608671673,1.075641254863512,0.311,1.253,10.64,0.237,0.317,
modeMDC,modeMYN,0.4,-0.02657951580520917,0.8275616231611489,0.195,2.055,11.4,0.064,0.101,
modeMDC,modeMDQ,1.383,0.4853265486155891,2.281034839212955,0.411,3.366,11.7,0.006,0.011,p<0.05
modeMWH,modeMYN,0.011,-0.5292354388463375,0.5516762844239848,0.251,0.045,13.35,0.965,0.984,
modeMWH,modeMDQ,0.994,-0.34225110787845203,2.3300692079805314,0.608,1.635,11.13,0.13,0.189,
modeMYN,modeMDQ,0.983,-0.13881309943097264,2.104190681889887,0.505,1.947,10.2,0.08,0.123,
intercept,h_startFALSE,-0.187,-0.43731765330558303,0.06350693667630739,0.127,-1.466,569.92,0.143,0.204,
