intercept,slope,estimate,conf.low,conf.high,std.error,t.value,df,p.value,p.adj (BH),signif.
modeMDC,modeMWH,-2.052,-4.7958391984234865,0.691360183580366,1.234,-1.663,10.15,0.127,0.189,
modeMDC,modeMYN,3.356,1.599251707909096,5.112864397520012,0.789,4.255,10.02,0.002,0.004,p<0.01
modeMDC,modeMDQ,6.393,3.9025335194650337,8.883368505140785,1.12,5.71,10.12,1.9e-04,4.9e-04,p<0.001
modeMWH,modeMYN,5.408,2.247510549033295,8.569084097910402,1.424,3.799,10.27,0.003,0.006,p<0.01
modeMWH,modeMDQ,8.445,4.456946544736234,12.43343498784915,1.795,4.705,10.2,7.9e-04,0.002,p<0.01
modeMYN,modeMDQ,3.037,1.087659385403014,4.98612567175406,0.873,3.48,9.82,0.006,0.01,p<0.05
intercept,h_startFALSE,0.877,0.38197392103810984,1.3713745934923072,0.252,3.481,579.29,5.4e-04,0.001,p<0.01
