intercept,slope,estimate,conf.low,conf.high,std.error,t.value,df,p.value,p.adj (BH),signif.
modeMDC,modeMWH,0.471,-0.22015365295248784,1.161971271843433,0.31,1.517,10.06,0.16,0.225,
modeMDC,modeMYN,0.76,0.2062470704224965,1.3142037452130737,0.249,3.055,10.06,0.012,0.021,p<0.05
modeMDC,modeMDQ,2.237,1.279292535556365,3.19412625494993,0.43,5.204,10.03,4.0e-04,0.001,p<0.01
modeMWH,modeMYN,0.289,-0.2741561894485564,0.8527892415235272,0.253,1.144,9.98,0.279,0.366,
modeMWH,modeMDQ,1.766,0.39287302323035567,3.138727389543993,0.616,2.865,10.02,0.017,0.029,p<0.05
modeMYN,modeMDQ,1.476,0.1825333587834741,2.7704356031870887,0.581,2.541,10.04,0.029,0.047,p<0.05
