intercept,estimate,conf.low,conf.high,std.error,t.value,df,p.value,p.adj (BH),signif.
modeMDC,86.794,83.18373533327203,90.40456823137748,1.662,52.21,12.36,7.1e-16,6.0e-15,p<0.0001
modeMWH,87.264,83.97992159354025,90.54728494836736,1.513,57.667,12.46,1.7e-16,2.9e-15,p<0.0001
modeMYN,87.326,83.89522203297687,90.7573201102336,1.58,55.283,12.35,3.6e-16,3.8e-15,p<0.0001
modeMDQ,88.405,84.60927798303507,92.20148526881484,1.745,50.656,12.19,1.5e-15,7.0e-15,p<0.0001
