intercept,estimate,conf.low,conf.high,std.error,z.value,p.value,p.adj (BH),signif.
foot_syls1,-0.08,-1.3952980407008977,1.2360919298685844,0.671,-0.119,0.906,0.925,
foot_syls2,0.625,-0.6249405924974188,1.8755860144551344,0.638,0.98,0.327,0.572,
foot_syls3,-0.422,-1.844509562497796,1.000991234365817,0.726,-0.581,0.561,0.786,
foot_syls4,-1.568,-3.270467467095961,0.13422453880136298,0.869,-1.805,0.071,0.269,
wrd_end_syl1,-0.08,-1.3952980407008977,1.2360919298685844,0.671,-0.119,0.906,0.925,
wrd_end_syl2,-2.554,-4.239017083213042,-0.869495581168171,0.86,-2.971,0.003,0.021,p<0.05
wrd_end_syl3,-2.74,-6.232020770219686,0.7516818783816546,1.782,-1.538,0.124,0.269,
