intercept,estimate,conf.low,conf.high,std.error,z.value,p.value,p.adj (BH),signif.
foot_syls1,0.024,0.00108315480525981,0.527049418891196,0.038,-2.366,0.018,0.019,p<0.05
foot_syls2,0.021,5.9321164041293e-4,0.7683875435549681,0.039,-2.104,0.035,0.035,p<0.05
foot_syls3,0.009,2.6896313784710487e-4,0.3050569018592117,0.016,-2.622,0.009,0.012,p<0.05
foot_syls4,0.008,1.763097990620225e-4,0.3671855361721921,0.016,-2.474,0.013,0.017,p<0.05
wrd_end_syl1,0.024,0.00108315480525981,0.527049418891196,0.038,-2.366,0.018,0.019,p<0.05
wrd_end_syl2,0.002,5.329245160467481e-5,0.05190224486870178,0.003,-3.645,2.7e-04,0.001,p<0.01
wrd_end_syl3,0.001,1.4018558491154094e-5,0.13333121755922164,0.003,-2.822,0.005,0.01,p<0.01
