factor,npar,AIC,LRT,Pr(Chi),p.adj (BH),signif.
foot_syls,3,526.1089398013181,13.985522430917284,0.003,0.006,p<.01
wrd_end_syl,2,545.7102627466737,31.58684537627289,1.4e-07,1.1e-06,p<.001
speech_rate,1,516.8586736496322,0.7352562792314075,0.391,0.391,
gender,1,523.5004411350467,7.377023764645855,0.007,0.009,p<.01
