intercept,estimate,conf.low,conf.high,std.error,z.value,p.value,p.adj (BH),signif.
foot_syls1,-3.734,-6.827892323375531,-0.6404681222129938,1.578,-2.366,0.017995014346548974,NA,NA
foot_syls2,-3.847,-7.429964457331684,-0.26342248313868355,1.828,-2.104,0.03537410175107949,NA,NA
foot_syls3,-4.704,-8.220882055576244,-1.187244630436184,1.794,-2.622,0.00875105776986271,NA,NA
foot_syls4,-4.823,-8.643267995161171,-1.0018881544907101,1.949,-2.474,0.013363980134057582,NA,NA
wrd_end_syl1,-3.734,-6.827892323375531,-0.6404681222129938,1.578,-2.366,0.017995014346548974,NA,NA
wrd_end_syl2,-6.399,-9.839718943063172,-2.9583979475070437,1.755,-3.645,2.6717534524038736e-4,NA,NA
wrd_end_syl3,-6.595,-11.175193841882889,-2.0149601940056456,2.337,-2.822,0.004769192434104096,NA,NA
