intercept,estimate,conf.low,conf.high,std.error,z.value,p.value,p.adj (BH),signif.
foot_syls1,0.014,3.1774122780563494e-4,0.6459998366493641,0.028,-2.185,0.02890169501924133,NA,NA
foot_syls2,0.013,1.8060965787325596e-4,0.890252246562326,0.028,-2.014,0.04405611311984774,NA,NA
foot_syls3,0.005,6.756532443573497e-5,0.3386469136220081,0.01,-2.458,0.013964877930555819,NA,NA
foot_syls4,0.004,4.006326033116879e-5,0.4179994843335449,0.01,-2.33,0.019832469504232543,NA,NA
wrd_end_syl1,0.014,3.1774122780563494e-4,0.6459998366493641,0.028,-2.185,0.02890169501924133,NA,NA
wrd_end_syl2,0.001,1.1267288814164095e-5,0.04916004158604412,0.002,-3.369,7.542739780539533e-4,NA,NA
wrd_end_syl3,0.001,3.2006543302753952e-6,0.18366846548959387,0.002,-2.566,0.010282089802557876,NA,NA
