intercept,estimate,conf.low,conf.high,std.error,z.value,p.value,p.adj (BH),signif.
foot_syls1,0.024,0.00108313861942812,0.5270456445126072,0.038,-2.366,0.018,0.019,p<0.05
foot_syls2,0.021,5.932085957490577e-4,0.7684171854190263,0.039,-2.104,0.035,0.035,p<0.05
foot_syls3,0.009,2.6897770695329104e-4,0.30506066197303733,0.016,-2.622,0.009,0.012,p<0.05
foot_syls4,0.008,1.7630978023156163e-4,0.3671854833085528,0.016,-2.474,0.013,0.017,p<0.05
wrd_end_syl1,0.024,0.00108313861942812,0.5270456445126072,0.038,-2.366,0.018,0.019,p<0.05
wrd_end_syl2,0.002,5.329228718087054e-5,0.05190200033218616,0.003,-3.645,2.7e-04,0.001,p<0.01
wrd_end_syl3,0.001,1.4017642517567867e-5,0.13332571042279873,0.003,-2.822,0.005,0.01,p<0.01
