intercept,estimate,conf.low,conf.high,std.error,z.value,p.value,p.adj (BH),signif.
foot_syls1,-1.622,-2.853129278692144,-0.391692059950848,0.628,-2.584,0.009773323567498942,NA,NA
foot_syls2,-0.723,-1.883216752261553,0.43773967620856624,0.592,-1.221,0.2222173351005378,NA,NA
foot_syls3,-2.451,-3.711556577591173,-1.1911236231492348,0.643,-3.812,1.3758458071027251e-4,NA,NA
foot_syls4,-2.861,-4.521418091959564,-1.2005215235623927,0.847,-3.377,7.327079347528842e-4,NA,NA
wrd_end_syl1,-1.622,-2.853129278692144,-0.391692059950848,0.628,-2.584,0.009773323567498942,NA,NA
wrd_end_syl2,-4.033,-5.669901948631669,-2.39629663397408,0.835,-4.829,1.3696414102667888e-6,NA,NA
wrd_end_syl3,-4.501,-7.700669816277484,-1.3007116309753939,1.633,-2.757,0.005839853138924692,NA,NA
