intercept,estimate,conf.low,conf.high,std.error,z.value,p.value,p.adj (BH),signif.
foot_syls1,-3.734,-6.827892323375531,-0.6404681222129938,1.578,-2.366,0.018,0.023,p<0.05
foot_syls2,-3.847,-7.429964457331684,-0.26342248313868355,1.828,-2.104,0.035,0.042,p<0.05
foot_syls3,-4.704,-8.220882055576244,-1.187244630436184,1.794,-2.622,0.009,0.018,p<0.05
foot_syls4,-4.823,-8.643267995161171,-1.00188815449071,1.949,-2.474,0.013,0.023,p<0.05
wrd_end_syl1,-3.734,-6.827892323375531,-0.6404681222129938,1.578,-2.366,0.018,0.023,p<0.05
wrd_end_syl2,-6.399,-9.839718943063172,-2.9583979475070437,1.755,-3.645,2.7e-04,0.005,p<0.01
wrd_end_syl3,-6.595,-11.175193841882887,-2.0149601940056456,2.337,-2.822,0.005,0.013,p<0.05
