intercept,estimate,conf.low,conf.high,std.error,z.value,p.value,p.adj (BH),signif.
foot_syls1,-1.622,-2.853129278692144,-0.391692059950848,0.628,-2.584,0.01,0.02,p<0.05
foot_syls2,-0.723,-1.883216752261553,0.43773967620856624,0.592,-1.221,0.222,0.259,
foot_syls3,-2.451,-3.711556577591173,-1.1911236231492348,0.643,-3.812,1.4e-04,9.8e-04,p<0.001
foot_syls4,-2.861,-4.521418091959564,-1.2005215235623927,0.847,-3.377,7.3e-04,0.003,p<0.01
wrd_end_syl1,-1.622,-2.853129278692144,-0.391692059950848,0.628,-2.584,0.01,0.02,p<0.05
wrd_end_syl2,-4.033,-5.669901948631669,-2.39629663397408,0.835,-4.829,1.4e-06,2.0e-05,p<0.001
wrd_end_syl3,-4.501,-7.700669816277484,-1.300711630975394,1.633,-2.757,0.006,0.017,p<0.05
