intercept,estimate,conf.low,conf.high,std.error,z.value,p.value,p.adj (BH),signif.
foot_syls1,104.84,2.771544152703888,3965.902460099109,194.34,2.51,0.012,0.019,p<.05
foot_syls2,483.46,8.266189426869714,28275.379341622134,1003.63,2.98,0.003,0.007,p<.01
foot_syls3,1462.46,24.527980766075967,87197.66622170343,3050.37,3.49,4.8e-04,0.002,p<.01
foot_syls4,1354.14,19.751000823962272,92839.98835206949,2920.92,3.34,8.3e-04,0.003,p<.01
wrd_end_syl1,104.84,2.771544152703888,3965.902460099109,194.34,2.51,0.012,0.019,p<.05
wrd_end_syl2,1746.67,36.41102817043595,83789.6302647194,3449.38,3.78,1.6e-04,0.002,p<.01
wrd_end_syl3,1895.87,26.575785791444343,135247.94992204252,4127.88,3.47,5.3e-04,0.002,p<.01
