intercept,estimate,conf.low,conf.high,std.error,z.value,p.value,p.adj (BH),signif.
foot_syls1,104.841,2.8049799513867564,3918.6282839731075,193.695,2.518,0.011794715484876568,NA,NA
foot_syls2,483.456,8.10436475276986,28839.97066822109,1008.507,2.963,0.0030464113536277345,NA,NA
foot_syls3,1462.458,23.299635614196763,91794.68363142411,3088.705,3.451,5.591255771886386e-4,NA,NA
foot_syls4,1354.135,16.966479970243473,108076.78962603696,3025.912,3.227,0.0012510375476093496,NA,NA
wrd_end_syl1,104.841,2.8049799513867564,3918.6282839731075,193.695,2.518,0.011794715484876568,NA,NA
wrd_end_syl2,1746.673,34.79863526299275,87672.0183105459,3489.747,3.737,1.8653773715214477e-4,NA,NA
wrd_end_syl3,1895.869,21.748342144977705,165268.71436452115,4321.786,3.311,9.300074458718599e-4,NA,NA
