intercept,estimate,conf.low,conf.high,std.error,z.value,p.value,p.adj (BH),signif.
foot_syls1,90.211,3.1693391822279855,2567.714797859437,154.126,2.635,0.008,0.012,p<0.05
foot_syls2,421.771,8.673948023691795,20508.67660960041,835.842,3.05,0.002,0.005,p<0.01
foot_syls3,1269.334,26.483115820910488,60839.12636934908,2506.166,3.619,3.0e-04,0.001,p<0.01
foot_syls4,1122.753,18.58628084388259,67822.87411647956,2349.299,3.357,7.9e-04,0.002,p<0.01
wrd_end_syl1,90.211,3.1693391822279855,2567.714797859437,154.126,2.635,0.008,0.012,p<0.05
wrd_end_syl2,1530.833,39.78464109072283,58903.34561011713,2850.905,3.938,8.2e-05,0.001,p<0.01
wrd_end_syl3,1798.596,30.07141307604906,107575.53804651102,3754.351,3.591,3.3e-04,0.001,p<0.01
