intercept,estimate,conf.low,conf.high,std.error,z.value,p.value,p.adj (BH),signif.
foot_syls1,0.225,-1.273667008269304,1.7237242719051524,0.765,0.294,0.769,0.769,
foot_syls2,-1.112,-2.5429983076696723,0.3195344502884816,0.73,-1.522,0.128,0.163,
foot_syls3,1.641,0.1321475890096957,3.1497510727190754,0.77,2.132,0.033,0.056,
foot_syls4,1.462,-0.3293743608501667,3.2525978708170675,0.914,1.6,0.11,0.154,
wrd_end_syl1,0.225,-1.273667008269304,1.7237242719051524,0.765,0.294,0.769,0.769,
wrd_end_syl2,2.712,0.9015575530123228,4.5234196289504665,0.924,2.936,0.003,0.011,p<0.05
wrd_end_syl3,2.492,0.16719037002037185,4.816415588303766,1.186,2.101,0.036,0.056,
