intercept,estimate,conf.low,conf.high,std.error,z.value,p.value,p.adj (BH),signif.
foot_syls1,90.211,3.1693386445001503,2567.7144308827333,154.126,2.635,0.008,0.012,p<0.05
foot_syls2,421.776,8.67375173494798,20509.55622041999,835.857,3.05,0.002,0.005,p<0.01
foot_syls3,1269.337,26.483246418742045,60839.10987024445,2506.17,3.619,3.0e-04,0.001,p<0.01
foot_syls4,1122.754,18.58629183092278,67822.94467803364,2349.301,3.357,7.9e-04,0.002,p<0.01
wrd_end_syl1,90.211,3.1693386445001503,2567.7144308827333,154.126,2.635,0.008,0.012,p<0.05
wrd_end_syl2,1530.833,39.78464426374946,58903.33634404451,2850.905,3.938,8.2e-05,0.001,p<0.01
wrd_end_syl3,1798.594,30.07136353074754,107575.47882173189,3754.348,3.591,3.3e-04,0.001,p<0.01
