intercept,estimate,conf.low,conf.high,std.error,z.value,p.value,p.adj (BH),signif.
foot_syls1,4.502,1.153522936627808,7.850771455699063,1.709,2.635,0.00841060921938356,NA,NA
foot_syls2,6.044,2.1603014232544266,9.928646213602693,1.982,3.05,0.0022879719602825073,NA,NA
foot_syls3,7.146,3.2765123224492694,11.015988115599606,1.974,3.619,2.9520914544141737e-4,NA,NA
foot_syls4,7.024,2.9224243106648844,11.124655833758485,2.092,3.357,7.890158456538133e-4,NA,NA
wrd_end_syl1,4.502,1.153522936627808,7.850771455699063,1.709,2.635,0.00841060921938356,NA,NA
wrd_end_syl2,7.334,3.6834810153228763,10.983653012246737,1.862,3.938,8.221157487572449e-5,NA,NA
wrd_end_syl3,7.495,3.4035733411917803,11.585948008747156,2.087,3.591,3.300278650426889e-4,NA,NA
