intercept,estimate,conf.low,conf.high,std.error,z.value,p.value,p.adj (BH),signif.
foot_syls1,4.502,1.1535231062934228,7.850771598618647,1.709,2.635,0.008,0.013,p<0.05
foot_syls2,6.044,2.1603240531992096,9.928603324830602,1.982,3.05,0.002,0.005,p<0.01
foot_syls3,7.146,3.2765073910994076,11.015988386791976,1.974,3.619,3.0e-04,0.001,p<0.01
foot_syls4,7.024,2.9224237195279574,11.12465479337914,2.092,3.357,7.9e-04,0.002,p<0.01
wrd_end_syl1,4.502,1.1535231062934228,7.850771598618647,1.709,2.635,0.008,0.013,p<0.05
wrd_end_syl2,7.334,3.683480935567814,10.983653169556534,1.862,3.938,8.2e-05,0.001,p<0.01
wrd_end_syl3,7.495,3.4035749887812106,11.585948559288632,2.087,3.591,3.3e-04,0.001,p<0.01
