intercept,estimate,conf.low,conf.high,std.error,t.value,df,p.value,p.adj (BH),signif.
ana_syls0,85.228,82.20025427202418,88.25592847458495,1.373,62.079,10.82,3.7e-15,2.3e-14,p<0.001
ana_syls1,86.135,83.12166036226668,89.14813733304692,1.359,63.359,10.4,8.4e-15,3.6e-14,p<0.001
ana_syls2,85.458,82.43109194930466,88.48571174575804,1.372,62.269,10.81,3.7e-15,2.3e-14,p<0.001
ana_syls3,85.32,82.29258423333553,88.347662091302,1.373,62.159,10.81,3.7e-15,2.3e-14,p<0.001
foot_syls1,85.228,82.20025427202418,88.25592847458495,1.373,62.079,10.82,3.7e-15,2.3e-14,p<0.001
foot_syls2,85.132,82.10263625522396,88.16128067075269,1.374,61.949,10.86,3.4e-15,2.3e-14,p<0.001
foot_syls3,85.028,81.980147128263,88.07489616280016,1.39,61.167,11.37,1.1e-15,1.5e-14,p<0.001
foot_syls4,84.963,81.9405766949007,87.9857309691244,1.368,62.102,10.67,5.3e-15,2.4e-14,p<0.001
