term,sumsq,meansq,NumDF,DenDF,F value,p.value,signif.
mode,85.69303519674536,28.564345065581787,3,608.3772611170155,14.94077404012348,2.1426311360634518e-9,p<0.001
acc_phon,278.3371096076378,92.77903653587927,3,609.6921076460675,48.52870308632436,3.8985005353589537e-28,p<0.001
fin_phon,1.2373722318331013,1.2373722318331013,1,589.3449433774758,0.6472159216987499,0.4214342281119724,
gender,30.24925176838491,30.24925176838491,1,9.005462426017322,15.822075896247735,0.0032130845015387014,p<0.01
mode:acc_phon,55.97074182373641,13.992685455934103,4,608.5615222868264,7.318968844958376,9.24932517460632e-6,p<0.001
