term,sumsq,meansq,NumDF,DenDF,F value,p.value,signif.
mode,86.65525682800799,28.885085609336,3,610.0824103017906,14.972422945908386,2.0477653838559905e-9,p<0.001
acc_phon,271.2966496874217,90.4322165624739,3,610.3343886113403,46.87503484053082,2.84856484741799e-27,p<0.001
fin_phon,0.35154905755833915,0.35154905755833915,1,611.6671973931868,0.18222349233050936,0.6696195371841359,
mode:acc_phon,56.75883419320208,14.18970854830052,4,610.1300466617798,7.355156246989254,8.663765240260666e-6,p<0.001
