term,sumsq,meansq,NumDF,DenDF,F value,p.value,signif.
mode,60.80306330924477,20.267687769748257,3,9.925846760672306,11.392895319324593,0.0014839134731410512,p<0.01
fin_phon,91.34731854524546,91.34731854524546,1,593.9121271004985,51.34825687616689,2.302621585580922e-12,p<0.001
gender,4.810605393275961,4.810605393275961,1,8.9820837212125,2.704142884516722,0.13456641958965226,
