term,sumsq,meansq,NumDF,DenDF,F value,p.value,signif.
mode,2413.935450194147,804.6451500647157,3,617.0335685738352,188.103181476434,1.304586491257692e-86,p<0.001
fin_phon,43.22329657966883,43.22329657966883,1,619.8401113327399,10.10437905439592,0.0015528443888180553,p<0.01
gender,45.23728473472356,45.23728473472356,1,8.994257078350412,10.575192281060094,0.009974583798002232,p<0.01
