term,sumsq,meansq,NumDF,DenDF,F value,p.value,p.adj (BH),signif.
mode,4030.437238,1343.479079,3,608.3899892,1.93204066,0.1232,0.1568,
acc_phon,22786.05034,7595.350114,3,609.5439148,10.92277913,5.38e-07,2.15e-06,p<0.0001
fin_phon,116439.02,116439.02,1,614.9133048,167.4495157,4.80e-34,5.38e-33,p<0.0001
gender,8689.86221,8689.86221,1,9.02345199,12.49678345,0.0063,0.0093,p<0.01
mode:acc_phon,3709.038017,927.2595042,4,608.6219309,1.333480433,0.2561,0.2988,
