term,sumsq,meansq,NumDF,DenDF,F value,p.value,signif.
acc_phon,324.5447898863896,108.18159662879653,3,608.4454792684671,37.72110917038141,2.2866279497641374e-22,p<0.001
mode,125.74613042189742,41.91537680729914,3,608.1108029551981,14.615189216434038,3.3459074419446183e-9,p<0.001
fin_phon,11.180264927249254,11.180264927249254,1,610.2914813154154,3.8983709523316095,0.048783363644076594,p<0.05
prompt,1.0629240826519766,0.5314620413259883,2,608.0916980157413,0.18531190429329478,0.8308920015073298,
acc_phon:mode,73.00923196723647,18.25230799180912,4,608.174643529088,6.364273812050468,5.078839083524778e-5,p<0.001
