term,sumsq,meansq,NumDF,DenDF,F value,p.value,signif.
mode,38.67147050532788,12.890490168442627,3,607.703851099845,7.515506111947104,6.051893875032583e-5,p<0.001
acc_phon,138.56033812647976,46.18677937549325,3,609.7643657008193,26.92814766171217,2.295548609978224e-16,p<0.001
fin_phon,17.94467594413746,17.94467594413746,1,615.0380776845992,10.462233784192,0.0012836940463656309,p<0.01
mode:acc_phon,4.7818972257201855,1.1954743064300464,4,607.8792970167196,0.6969940118061638,0.5942219268998965,
