term,sumsq,meansq,NumDF,DenDF,F value,p.value,signif.
mode,38.92840891676321,12.976136305587737,3,607.529012697887,7.565431777125117,5.647179504569393e-5,p<0.001
acc_phon,139.1774486152896,46.3924828717632,3,609.1512188830628,27.048048500125006,1.9666870755759334e-16,p<0.001
fin_phon,17.84362892255632,17.84362892255632,1,614.9404686792338,10.403309127679666,0.0013246072104026267,p<0.01
gender,2.0770674898966277,2.0770674898966277,1,9.033237022900634,1.2109854598653362,0.29959597162141827,
mode:acc_phon,4.842684872362944,1.210671218090736,4,607.8301460835942,0.7058534442991559,0.5881262547103182,
