term,sumsq,meansq,NumDF,DenDF,F value,p.value,p.adj (BH),signif.
mode,125.6126003293199,41.87086677643997,3,610.1062796126173,14.638612291596145,3.23e-09,1.39e-08,p<0.0001
acc_phon,329.5541825681008,109.85139418936694,3,610.4291518260588,38.40550943966307,9.57e-23,7.66e-22,p<0.0001
fin_phon,10.752987214726293,10.752987214726293,1,612.1768563828542,3.7593874436208177,0.053,0.0742,
gender,36.99638450891996,36.99638450891996,1,9.007058987553703,12.934428415549984,0.0058,0.0088,p<0.01
mode:acc_phon,73.79339126250503,18.448347815626256,4,610.1712515812713,6.44978792857053,4.36e-05,1.29e-04,p<0.001
