term,sumsq,meansq,NumDF,DenDF,F value,p.value,signif.
mode,4030.4372382467654,1343.4790794155886,3,608.389989248707,1.9320406602884033,0.12316951631922123,
acc_phon,22786.05034205263,7595.350114017543,3,609.5439147684692,10.922779129386555,5.377787896852708e-7,p<0.001
fin_phon,116439.02003150068,116439.02003150068,1,614.9133047900976,167.44951565814824,4.801237720057311e-34,p<0.001
gender,8689.86220989859,8689.86220989859,1,9.023451990435456,12.496783447592634,0.006337031150719562,p<0.01
mode:acc_phon,3709.03801673244,927.25950418311,4,608.6219309356217,1.333480433130328,0.2560666331469693,
