term,sumsq,meansq,NumDF,DenDF,F value,p.value,p.adj (BH),signif.
mode,801.6050327524595,267.2016775841532,3,608.0374536006188,122.80769257515628,3.47e-62,9.72e-61,p<0.0001
fin_phon,4.225400345322838,4.225400345322838,1,609.8703522583709,1.9420224876841912,0.164,0.1997,
gender,34.23621443038702,34.23621443038702,1,8.996610073644796,15.735194983496807,0.0033,0.0056,p<0.01
