term,sumsq,meansq,NumDF,DenDF,F value,p.value,signif.
mode,125.6126003293199,41.87086677643997,3,610.1062796126173,14.638612291596145,3.2330446331775345e-9,p<0.001
acc_phon,329.5541825681008,109.85139418936694,3,610.4291518260588,38.40550943966307,9.572640003008184e-23,p<0.001
fin_phon,10.752987214726291,10.752987214726291,1,612.1768563828542,3.7593874436208172,0.05297102191485225,
gender,36.99638450891996,36.99638450891996,1,9.007058987553703,12.934428415549984,0.005772903872672185,p<0.01
mode:acc_phon,73.79339126250503,18.448347815626256,4,610.1712515812713,6.44978792857053,4.358336282037888e-5,p<0.001
