term,sumsq,meansq,NumDF,DenDF,F value,p.value,p.adj (BH),signif.
mode,1668.1328494928011,556.0442831642671,3,9.782556931608662,8.772991694321389,0.004,0.0066,p<0.01
fin_phon,32.22310415595372,32.22310415595372,1,574.5218521203009,0.508400200639994,0.4761,0.503,
gender,94.42569512138718,94.42569512138718,1,9.036814680801774,1.4898019170637316,0.2531,0.2988,
