term,sumsq,meansq,NumDF,DenDF,F value,p.value,signif.
mode,3965.8591364421663,1321.953045480722,3,607.8608129338197,4.252412993557785,0.005494792567039516,p<0.01
acc_phon,4951.10942419231,1650.3698080641034,3,610.694679516794,5.308852716047247,0.0012848715066251428,p<0.01
fin_phon,243.25004088258092,243.25004088258092,1,596.7178755564529,0.7824783475243593,0.37674052383321166,
gender,10657.730054422726,10657.730054422726,1,9.012250238174904,34.283418704011325,2.4090994830033296e-4,p<0.001
mode:acc_phon,2356.2072338782878,589.0518084695719,4,608.3440501998449,1.8948415549085007,0.10974569298074005,
