term,sumsq,meansq,NumDF,DenDF,F value,p.value,signif.
mode,300.5891770036935,100.19639233456451,3,9.850404974820368,56.407572942344025,1.6436915960323614e-6,p<0.001
fin_phon,2.824111550488504,2.824111550488504,1,600.3698300924308,1.5898903600199066,0.2078315696540824,
