term,sumsq,meansq,NumDF,DenDF,F value,p.value,signif.
acc_phon,3598.1087478817335,1199.3695826272444,3,604.924272306699,20.26242981318462,1.5945231042417147e-12,p<0.001
mode,1361.0560072767398,453.68533575891325,3,602.6805404044285,7.664666009745827,4.928333936744419e-5,p<0.001
fin_phon,857.9387160097842,857.9387160097842,1,610.2686117865277,14.494217019479631,1.5478700054473587e-4,p<0.001
prompt,24198.6319353164,12099.3159676582,2,602.4196661664946,204.40866946549264,1.744615141263549e-68,p<0.001
acc_phon:mode,177.03950897349796,44.25987724337449,4,602.8327105538473,0.7477367019926884,0.5597526496863607,
