term,sumsq,meansq,NumDF,DenDF,F value,p.value,signif.
mode,7396.879782715763,2465.6265942385876,3,9.984428402383335,9.269977722891367,0.0031051518528267567,p<0.01
fin_phon,31.507820209381144,31.507820209381144,1,540.8256658031108,0.11845945858968403,0.7308451552310462,
gender,14066.492918492702,14066.492918492702,1,9.024938418052747,52.885573305516786,4.6348502537193334e-5,p<0.001
