term,sumsq,meansq,NumDF,DenDF,F value,p.value,signif.
mode,1384.4194982827194,461.4731660942398,3,603.6817760565226,7.724452555456181,4.53465934049951e-5,p<0.001
acc_phon,3651.586357667591,1217.1954525558638,3,605.9836166117017,20.374247550646793,1.3693290724443936e-12,p<0.001
fin_phon,913.3055816334388,913.3055816334388,1,611.6563560439594,15.287531653617572,1.0265169138804612e-4,p<0.001
mode:acc_phon,177.05725927104268,44.26431481776067,4,603.8452571390341,0.7409262874447257,0.5643147807242046,
