term,sumsq,meansq,NumDF,DenDF,F value,p.value,signif.
mode,183.294,61.098,3,11.83,42.062,1.370922917450786e-6,p<0.001
acc_phon,65.24,21.747,3,535.405,14.971,2.266003093409478e-9,p<0.001
