term,sumsq,meansq,NumDF,DenDF,F value,p.value,signif.
acc_phon,285.46147711949413,95.15382570649805,3,603.2776849088194,64.16280061718913,5.119515838521715e-36,p<0.001
mode,25.717623733412836,8.572541244470946,3,603.0706809959114,5.780516448683971,6.705375276827885e-4,p<0.001
fin_phon,3.1127856105356626,3.1127856105356626,1,604.402855779009,2.098970178129326,0.14791698049677188,
prompt,0.8843498354038178,0.4421749177019089,2,603.0568850000868,0.2981612233851794,0.7422910183498124,
acc_phon:mode,38.92164041225224,9.73041010306306,4,603.1025954858048,6.561274428335279,3.582758164075757e-5,p<0.001
