term,sumsq,meansq,NumDF,DenDF,F value,p.value,signif.
acc_phon,10890.186411208295,3630.0621370694316,3,614.2633042377394,11.607850499884364,2.080204127934422e-7,p<0.001
mode,13141.923894070114,4380.641298023372,3,611.8436237711138,14.0079776491446,7.65786197013212e-9,p<0.001
prompt,2578.771709576967,1289.3858547884836,2,611.4777264692667,4.123069433498255,0.01664715647505405,p<0.05
fin_phon,182.5129863866729,182.5129863866729,1,619.6469965878053,0.5836218170012574,0.44518696529471646,
