term,sumsq,meansq,NumDF,DenDF,F value,p.value,signif.
mode,85.42272164859952,28.47424054953317,3,608.0820044450377,14.894032908768681,2.2848371117306694e-9,p<0.001
acc_phon,280.65282844376776,93.55094281458925,3,608.3294771046687,48.93373076985096,2.4313288099629177e-28,p<0.001
fin_phon,1.6763184674294591,1.6763184674294591,1,609.7316984052273,0.8768326015943689,0.34944140060705364,
prompt,14.396531035328676,7.198265517664338,2,608.0682034919558,3.765199753779041,0.023704838498818312,p<0.05
mode:acc_phon,55.72203485798556,13.93050871449639,4,608.1299796421918,7.286637017365499,9.801282071445799e-6,p<0.001
