term,sumsq,meansq,NumDF,DenDF,F value,p.value,signif.
acc_phon,26061.956914361945,8687.318971453982,3,614.1583187716996,12.466106629914698,6.36677155790093e-8,p<0.001
mode,12319.928009078227,4106.642669692742,3,612.5529525268732,5.8929395339997575,5.730032307189184e-4,p<0.001
fin_phon,116762.3738302059,116762.3738302059,1,618.7176035737643,167.55137083284643,4.380583138072516e-34,p<0.001
prompt,667625.5011738369,333812.75058691844,2,612.3077020707416,479.0137621187366,5.972282346323544e-126,p<0.001
