term,sumsq,meansq,NumDF,DenDF,F value,p.value,p.adj (BH),signif.
mode,291.29944813213035,97.09981604404344,3,9.844878277218788,54.86820811574035,1.88e-06,7.02e-06,p<0.0001
fin_phon,4.3254928780291495,4.3254928780291495,1,371.5286455420345,2.444206931630074,0.1188,0.1548,
gender,28.915398478375497,28.915398478375497,1,8.995602231748235,16.339228704011475,0.0029,0.0054,p<0.01
