term,sumsq,meansq,NumDF,DenDF,F value,p.value,signif.
mode,1671.0556585271602,557.0185528423867,3,9.782076396816276,8.78796680593474,0.00395055887139327,p<0.01
fin_phon,33.071796095127226,33.071796095127226,1,574.2792634787877,0.5217669049146691,0.47038297541906904,
prompt,25049.46076183478,12524.73038091739,2,589.9271680501046,197.60008760772604,2.0577216328765202e-66,p<0.001
