term,sumsq,meansq,NumDF,DenDF,F value,p.value,p.adj (BH),signif.
mode,2413.935450194147,804.6451500647157,3,617.0335685738352,188.103181476434,1.30e-86,7.28e-85,p<0.0001
fin_phon,43.22329657966883,43.22329657966883,1,619.8401113327399,10.10437905439592,0.0016,0.0032,p<0.01
gender,45.23728473472356,45.23728473472356,1,8.994257078350412,10.575192281060094,0.01,0.0144,p<0.05
