term,sumsq,meansq,NumDF,DenDF,F value,p.value,signif.
acc_phon,139.0321442250784,46.34404807502614,3,607.7463525590347,26.98023831705564,2.1601310965466094e-16,p<0.001
mode,38.531001205969986,12.84366706865666,3,605.7056369636573,7.477231980604895,6.385745813924033e-5,p<0.001
fin_phon,18.513805928467782,18.513805928467782,1,613.2450367887117,10.778231873424808,0.0010853952895358782,p<0.01
prompt,1.8436933591685885,0.9218466795842942,2,605.44027825201,0.536673944984394,0.5849676172882576,
acc_phon:mode,4.4461880633845094,1.1115470158461274,4,605.8871462411975,0.6471122966986009,0.6290933576849638,
