term,sumsq,meansq,NumDF,DenDF,F value,p.value,signif.
mode,801.6050327524595,267.2016775841532,3,608.0374536006188,122.80769257515628,3.4665538143208617e-62,p<0.001
fin_phon,4.225400345322838,4.225400345322838,1,609.8703522583709,1.9420224876841912,0.16395672272615675,
gender,34.23621443038702,34.23621443038702,1,8.996610073644796,15.735194983496807,0.0032730759696078557,p<0.01
