term,sumsq,meansq,NumDF,DenDF,F value,p.value,p.adj (BH),signif.
mode,7396.879782715763,2465.6265942385876,3,9.984428402383337,9.269977722891367,0.0031,0.0056,p<0.01
fin_phon,31.507820209381144,31.507820209381144,1,540.8256658031108,0.11845945858968404,0.7308,0.7308,
gender,14066.492918492702,14066.492918492702,1,9.024938418052749,52.885573305516786,4.63e-05,1.30e-04,p<0.001
