term,sumsq,meansq,NumDF,DenDF,F value,p.value,signif.
mode,314.77863393664563,104.92621131221522,3,10.697395370883887,37.19298075930283,5.879694002289722e-6,p<0.001
fin_phon,45.951935750473965,45.951935750473965,1,604.6213448247801,16.288489223484717,6.137675805027243e-5,p<0.001
prompt,9.824708958958494,4.912354479479247,2,596.3233100290252,1.7412723032045347,0.17618733024118025,
