term,sumsq,meansq,NumDF,DenDF,F value,p.value,p.adj (BH),signif.
mode,43049.65374446056,14349.884581486856,3,615.107483733876,19.50964184479104,4.30e-12,2.19e-11,p<0.0001
fin_phon,152271.02835452478,152271.02835452478,1,621.9137259823284,207.02279587443115,9.99e-41,1.86e-39,p<0.0001
gender,10037.2285694051,10037.2285694051,1,8.994114077320381,13.64629334761575,0.005,0.008,p<0.01
