term,sumsq,meansq,NumDF,DenDF,F value,p.value,signif.
mode,542.803,180.934,3,10.618,3.784,0.04502866964002189,p<0.05
acc_phon,6142.091,2047.364,3,470.914,42.813,1.762505802237652e-24,p<0.001
