term,sumsq,meansq,NumDF,DenDF,F value,p.value,signif.
mode,254.419,84.806,3,613.608,40.376,8.022926103408392e-24,p<0.001
acc_phon,272.92,90.973,3,613.868,43.311,2.1281306006980718e-25,p<0.001
