term,sumsq,meansq,NumDF,DenDF,F value,p.value,p.adj (BH),signif.
mode,60.80306330924477,20.267687769748257,3,9.925846760672306,11.392895319324593,0.0015,0.0031,p<0.01
fin_phon,91.34731854524546,91.34731854524546,1,593.9121271004985,51.34825687616689,2.30e-12,1.29e-11,p<0.0001
gender,4.810605393275961,4.810605393275961,1,8.9820837212125,2.704142884516722,0.1346,0.1675,
