term,sumsq,meansq,NumDF,DenDF,F value,p.value,p.adj (BH),signif.
mode,25.904106455300266,8.634702151766755,3,605.0681532578358,5.835939867670557,6.21e-04,0.0014,p<0.01
acc_phon,284.9898626409092,94.99662088030308,3,605.2712293854175,64.20540712871153,4.71e-36,6.59e-35,p<0.0001
fin_phon,3.607746937330153,3.607746937330153,1,606.3261867563535,2.4383694786418766,0.1189,0.1548,
gender,26.786703164325544,26.786703164325544,1,9.005074292405318,18.104340621425905,0.0021,0.0041,p<0.01
mode:acc_phon,38.863932662432966,9.71598316560824,4,605.1005550510508,6.566745732878267,3.55e-05,1.17e-04,p<0.001
