term,sumsq,meansq,NumDF,DenDF,F value,p.value,signif.
mode,43049.653744460564,14349.884581486855,3,615.107483733876,19.50964184479104,4.296257589432502e-12,p<0.001
fin_phon,152271.02835452478,152271.02835452478,1,621.9137259823284,207.02279587443115,9.986798799889214e-41,p<0.001
gender,10037.2285694051,10037.2285694051,1,8.994114077320381,13.64629334761575,0.004971420325398162,p<0.01
