term,sumsq,meansq,NumDF,DenDF,F value,p.value,signif.
mode,1396.2347553100012,465.4115851033338,3,603.4778353309041,7.790416269187308,4.138417120225286e-5,p<0.001
acc_phon,3677.62163896133,1225.8738796537766,3,605.054468537376,20.519617735570925,1.1291522139612078e-12,p<0.001
fin_phon,917.9882906892964,917.9882906892964,1,611.2018541246314,15.365992475502122,9.858404443040466e-5,p<0.001
gender,57.90912520485992,57.90912520485992,1,9.024082204205333,0.9693273772507859,0.35050731099230714,
mode:acc_phon,179.55729639393618,44.889324098484046,4,603.7918682170028,0.7513919549123553,0.5573115613242972,
