term,sumsq,meansq,NumDF,DenDF,F value,p.value,signif.
mode,58.989561665568424,19.66318722185614,3,9.918309505095486,11.041667188984057,0.0016723591350407815,p<0.01
fin_phon,90.06206628200488,90.06206628200488,1,589.202803976233,50.57345744706026,3.338710201660467e-12,p<0.001
prompt,1.8432146252025683,0.9216073126012841,2,589.6219633798883,0.5175194188949386,0.5962676021622525,
