term,sumsq,meansq,NumDF,DenDF,F value,p.value,signif.
mode,7263.953405571883,2421.3178018572944,3,9.982193844188787,9.10681701539453,0.0033097154104254197,p<0.01
fin_phon,4.069395964773733,4.069395964773733,1,586.0082326708747,0.015305402862008707,0.9015833501077448,
prompt,2254.1888757063393,1127.0944378531697,2,589.9187135984514,4.239114252876881,0.014862098521032235,p<0.05
