intercept,estimate,conf.low,conf.high,std.error,t.value,df,p.value,p.adj (BH),signif.
ana_syls0,310.51,283.50918619591073,337.5151859823749,12.13,25.6,10.07,1.7e-10,1.6e-09,p<.001
ana_syls1,247.99,221.1194296681136,274.854188464298,11.98,20.69,9.56,2.9e-09,1.0e-08,p<.001
ana_syls2,283.4,256.61079429930317,310.1901086858227,11.9,23.81,9.31,1.2e-09,5.3e-09,p<.001
ana_syls3,289.56,262.7415572629683,316.37980468620015,11.93,24.27,9.39,8.6e-10,4.0e-09,p<.001
acc_phonL*H,310.51,283.50918619591073,337.5151859823749,12.13,25.6,10.07,1.7e-10,1.6e-09,p<.001
acc_phon>H*,271.82,229.635556050182,313.999624783801,17.9,15.19,7.12,1.1e-06,2.4e-06,p<.001
acc_phonH*,230,194.73071006979913,265.26095051029876,17.31,13.29,31.78,1.6e-14,1.2e-12,p<.001
