intercept,estimate,conf.low,conf.high,std.error,t.value,df,p.value,p.adj (BH),signif.
foot_syls1,2.35,1.2368543651394055,3.4717332021246787,0.47,4.97,7.1,0.0015576208788309607,NA,NA
foot_syls2,2.93,1.82668201483008,4.041523655752956,0.45,6.46,6.09,6.151408169761405e-4,NA,NA
foot_syls3,3.24,2.1244287708295833,4.346725954973491,0.45,7.24,5.63,4.6834482649940937e-4,NA,NA
foot_syls4,2.97,1.849750084434246,4.0851192597242125,0.47,6.38,6.5,5.078106662642984e-4,NA,NA
