intercept,slope,estimate,conf.low,conf.high,std.error,t.value,df,p.value,p.adj (BH),signif.
acc_phonH*,acc_phon>H*,0.09,-0.03555292927372791,0.22416798834942672,0.07,1.43,685.94,0.1543564504490395,NA,NA
acc_phonH*,acc_phonL*H,0.16,0.12334119750299022,0.2031835978676741,0.02,8.03,689.86,4.224147339165955e-15,NA,NA
acc_phon>H*,acc_phonL*H,0.07,-0.06010079101613047,0.19801052699121574,0.07,1.05,685.32,0.29451662653397487,NA,NA
foot_syls1,foot_syls2,-0.16,-0.20724792695000785,-0.1138608318479877,0.02,-6.75,680.2,3.143385433294708e-11,NA,NA
foot_syls1,foot_syls3,-0.15,-0.19690041259246002,-0.09786312417984097,0.03,-5.84,691.55,7.866428086260032e-9,NA,NA
foot_syls1,foot_syls4,-0.22,-0.2913347484535682,-0.14026265139607072,0.04,-5.61,687.9,2.9449701836685483e-8,NA,NA
foot_syls2,foot_syls3,0.01,-0.032891425303493316,0.0592366474028924,0.02,0.56,668.87,0.5746494071352446,NA,NA
foot_syls2,foot_syls4,-0.06,-0.12861979582457173,0.018131154508438732,0.04,-1.48,671.04,0.1397910216256937,NA,NA
foot_syls3,foot_syls4,-0.07,-0.13717578083785797,3.419175613789821e-4,0.04,-1.95,694.49,0.051146998326869385,NA,NA
