intercept,estimate,conf.low,conf.high,std.error,t.value,df,p.value,p.adj (BH),signif.
acc_phonH*,0.57,0.2853544990021275,0.8459334841652029,0.09,6.07,3.34,0.006551769212831474,NA,NA
acc_phon>H*,0.66,0.39504002198341515,0.9248630230316786,0.11,5.92,6.81,6.477847057085725e-4,NA,NA
acc_phonL*H,0.73,0.44781654080684424,1.0099962401693021,0.09,7.84,3.3,0.003044622477647159,NA,NA
foot_syls1,0.57,0.2853544990021275,0.8459334841652029,0.09,6.07,3.34,0.006551769212831474,NA,NA
foot_syls2,0.41,0.12159006948502582,0.6885891579209399,0.09,4.4,3.19,0.019144493983355326,NA,NA
foot_syls3,0.42,0.13754384258845026,0.6989806057935448,0.09,4.49,3.32,0.016532014681243917,NA,NA
foot_syls4,0.35,0.07865687458385995,0.6210337104290394,0.1,3.6,3.96,0.023234203778078482,NA,NA
