intercept,estimate,conf.low,conf.high,std.error,t.value,df,p.value,p.adj (BH),signif.
foot_syls1,0.77,0.423329784454683,1.1226113324558158,0.1,7.36,2.78,0.0066809205743218435,NA,NA
foot_syls2,0.74,0.38542043399299686,1.092917031683926,0.1,7.09,2.7,0.008116461749557003,NA,NA
foot_syls3,0.64,0.2859720047781799,0.9949254168419241,0.1,6.15,2.68,0.011863317683874426,NA,NA
foot_syls4,0.53,0.17464212684137131,0.8758788361613843,0.1,5.01,2.76,0.01862456590917928,NA,NA
