intercept,slope,estimate,conf.low,conf.high,std.error,t.value,df,p.value,p.adj (BH),signif.
foot_syls1,foot_syls2,-0.03,-0.07479042201890998,0.00724177064814701,0.02,-1.62,441.02,0.106300906133475,NA,NA
foot_syls1,foot_syls3,-0.15,-0.18482997421785358,-0.10595963933427055,0.02,-7.25,444.16,1.9135487185676393e-12,NA,NA
foot_syls1,foot_syls4,-0.26,-0.31122672214517344,-0.21453747504487616,0.02,-10.69,430.27,8.350459499467547e-24,NA,NA
foot_syls2,foot_syls2,-0.03,-0.07479042201890998,0.00724177064814701,0.02,-1.62,441.02,0.106300906133475,NA,NA
foot_syls2,foot_syls3,-0.15,-0.18482997421785358,-0.10595963933427055,0.02,-7.25,444.16,1.9135487185676393e-12,NA,NA
foot_syls2,foot_syls4,-0.26,-0.31122672214517344,-0.21453747504487616,0.02,-10.69,430.27,8.350459499467547e-24,NA,NA
foot_syls3,foot_syls3,-0.15,-0.18482997421785358,-0.10595963933427055,0.02,-7.25,444.16,1.9135487185676393e-12,NA,NA
foot_syls3,foot_syls4,-0.26,-0.31122672214517344,-0.21453747504487616,0.02,-10.69,430.27,8.350459499467547e-24,NA,NA
foot_syls4,foot_syls4,-0.26,-0.31122672214517344,-0.21453747504487616,0.02,-10.69,430.27,8.350459499467547e-24,NA,NA
