intercept,slope,estimate,conf.low,conf.high,std.error,z.value,p.value,p.adj (BH),signif.
modeMDC,modeMWH,-1.349,-6.350051474549428,3.651785653673065,2.552,-0.529,0.597,0.653,
modeMDC,modeMYN,1.929,-0.5726061133624223,4.430446985194384,1.276,1.511,0.131,0.164,
modeMDC,modeMDQ,4.148,1.7708245638501516,6.525041287177855,1.213,3.42,6.3e-04,0.001,p<0.01
modeMWH,modeMYN,1.927,-0.5754637767968362,4.430434082182543,1.277,1.509,0.131,0.164,
modeMWH,modeMDQ,4.146,1.767482512716557,6.525218122666132,1.214,3.416,6.4e-04,0.001,p<0.01
modeMYN,modeMDQ,2.278,1.119835578524771,3.4356532273279377,0.591,3.855,1.2e-04,2.2e-04,p<0.001
intercept,genderM,-2.037,-4.9714191084712205,0.8983466498784369,1.497,-1.36,0.174,0.21,
