intercept,estimate,conf.low,conf.high,std.error,t.value,df,p.value,p.adj (BH),signif.
modeMDC,-0.424,-2.038850077462571,1.1908734140740436,0.737,-0.575,11.46,0.576,0.585,
modeMWH,-2.849,-4.837129284289278,-0.8609286987457041,0.905,-3.149,11.15,0.009,0.01,p<0.01
modeMYN,3.126,1.592989196633501,4.658318999380891,0.7,4.463,11.55,8.5e-04,9.5e-04,p<0.001
modeMDQ,6.19,3.7877391950621906,8.592368512848118,1.09,5.678,10.9,1.5e-04,2.2e-04,p<0.001
