intercept,estimate,conf.low,conf.high,std.error,t.value,df,p.value,p.adj (BH),signif.
foot_syls1,3.322,3.026774310977899,3.617784701279837,0.132,25.178,9.64,4.1e-10,9.1e-10,p<0.001
foot_syls2,3.299,2.8081247591180287,3.7897276950523247,0.207,15.944,6.89,1.1e-06,1.8e-06,p<0.001
foot_syls3,3.193,2.897353699150364,3.488270809133633,0.132,24.206,9.62,6.0e-10,1.3e-09,p<0.001
foot_syls4,2.547,2.0564958755896297,3.0381038917672645,0.207,12.311,6.89,6.0e-06,9.2e-06,p<0.001
