intercept,estimate,conf.low,conf.high,std.error,t.value,df,p.value,p.adj (BH),signif.
foot_syls1,82.88,79.6138953171995,86.14768098559102,1.48,56.03,10.7,1.473243204445379e-14,NA,NA
foot_syls2,83.39,80.09815017871834,86.68428641076106,1.5,55.58,11.26,4.240398127584593e-15,NA,NA
foot_syls3,83.35,80.07845515736999,86.61218061217362,1.48,56.35,10.7,1.3918150708619898e-14,NA,NA
foot_syls4,83.7,80.4201319835065,86.97541180210628,1.49,56.25,10.93,8.221501232614406e-15,NA,NA
pre_syls0,82.88,79.6138953171995,86.14768098559102,1.48,56.03,10.7,1.473243204445379e-14,NA,NA
pre_syls1,83.01,79.73824253234243,86.27283894999353,1.48,56.1,10.71,1.4238416233005832e-14,NA,NA
pre_syls2,82.62,79.3448923209202,85.90208315005017,1.49,55.48,10.98,8.449487159188177e-15,NA,NA
pre_syls3,82.68,79.40771143879292,85.96033839004437,1.49,55.59,10.92,9.445725700498634e-15,NA,NA
