intercept,estimate,conf.low,conf.high,std.error,t.value,df,p.value,p.adj (BH),signif.
foot_syls1,293.463,242.5397198646741,344.38708694553577,19.398,15.129,4.68,3.8e-05,6.4e-05,p<0.001
foot_syls2,315.149,264.4996098670517,365.79785733487057,19.853,15.874,5.13,1.5e-05,3.0e-05,p<0.001
foot_syls3,390.406,339.47985841092964,441.33248439072247,19.395,20.13,4.67,1.0e-05,2.2e-05,p<0.001
foot_syls4,511.738,460.6836029588528,562.7926463252053,19.223,26.62,4.52,3.9e-06,8.7e-06,p<0.001
pre_syls0,293.463,242.5397198646741,344.38708694553577,19.398,15.129,4.68,3.8e-05,6.4e-05,p<0.001
pre_syls1,259.112,208.19444919199975,310.0301715294049,19.405,13.353,4.68,6.6e-05,1.1e-04,p<0.001
pre_syls2,254.431,203.5133693037378,305.3485919889524,19.387,13.124,4.67,7.3e-05,1.1e-04,p<0.001
pre_syls3,248.371,197.414638715836,299.3264921605021,19.336,12.845,4.62,8.6e-05,1.3e-04,p<0.001
