intercept,slope,estimate,conf.low,conf.high,std.error,t.value,df,p.value,p.adj (BH),signif.
foot_syls1,foot_syls2,-0.023,-0.5833326404511712,0.5363524804311783,0.17,-0.138,2.82,0.899,0.943,
foot_syls1,foot_syls3,-0.129,-0.1971120173330491,-0.0617833641495237,0.034,-3.756,758.05,1.9e-04,8.3e-04,p<0.001
foot_syls1,foot_syls4,-0.709,-1.2576253723886288,-0.1608094286251115,0.196,-3.615,3.93,0.023,0.07,
foot_syls2,foot_syls3,-0.106,-0.6616860765651135,0.4497708554877443,0.17,-0.621,2.88,0.58,0.776,
foot_syls2,foot_syls4,-0.686,-1.2330971852625383,-0.13835803765851273,0.197,-3.487,3.97,0.025,0.075,
foot_syls3,foot_syls4,-0.58,-1.127552898819407,-0.03198661799414293,0.197,-2.947,3.97,0.042,0.099,
intercept,nuc_new_word0,-0.066,-0.3519482870945828,0.2202139264992836,0.098,-0.67,3.58,0.544,0.737,
intercept,genderM,0.108,-0.20818953126197728,0.4239472474010262,0.14,0.772,9.01,0.46,0.672,
