intercept,estimate,conf.low,conf.high,std.error,t.value,df,p.value,p.adj (BH),signif.
foot_syls1,83.015,79.76382264136284,86.26672603798424,1.466,56.628,10.35,3.1e-14,7.2e-14,p<0.001
foot_syls2,83.525,80.24410908103945,86.80631528488081,1.491,56.021,11.01,7.0e-15,2.2e-14,p<0.001
foot_syls3,83.48,80.22822732203979,86.73111558883453,1.466,56.945,10.35,2.9e-14,7.2e-14,p<0.001
foot_syls4,83.888,80.59486926448376,87.18042287410081,1.5,55.92,11.25,4.1e-15,1.4e-14,p<0.001
pre_syls0,83.015,79.76382264136284,86.26672603798424,1.466,56.628,10.35,3.1e-14,7.2e-14,p<0.001
pre_syls1,83.139,79.88754944148054,86.39121662112363,1.466,56.699,10.36,2.9e-14,7.2e-14,p<0.001
pre_syls2,82.869,79.59551952704511,86.14152820740993,1.485,55.816,10.86,1.1e-14,3.1e-14,p<0.001
pre_syls3,82.87,79.59683994526486,86.14287935539775,1.485,55.817,10.86,1.1e-14,3.1e-14,p<0.001
