intercept,estimate,conf.low,conf.high,std.error,t.value,df,p.value,p.adj (BH),signif.
foot_syls1,87.476,84.31047595172097,90.6415909783758,1.447,60.441,11.6,7.3e-16,2.6e-15,p<0.001
foot_syls2,88.325,85.13576379562474,91.5152262685761,1.467,60.194,12.25,1.6e-16,1.5e-15,p<0.001
foot_syls3,89.776,86.61076140182425,92.94193798187868,1.447,62.029,11.6,5.4e-16,2.5e-15,p<0.001
foot_syls4,89.51,86.31536134801318,92.7049389184798,1.472,60.828,12.4,9.9e-17,1.1e-15,p<0.001
pre_syls0,87.476,84.31047595172097,90.6415909783758,1.447,60.441,11.6,7.3e-16,2.6e-15,p<0.001
pre_syls1,88.288,85.12190044272917,91.45432726424303,1.448,60.978,11.62,6.3e-16,2.5e-15,p<0.001
pre_syls2,88.224,85.03924023478957,91.40852655042517,1.463,60.293,12.12,2.2e-16,1.5e-15,p<0.001
pre_syls3,88.614,85.42746456293408,91.7997389771932,1.464,60.511,12.16,1.9e-16,1.5e-15,p<0.001
