intercept,estimate,conf.low,conf.high,std.error,t.value,df,p.value,p.adj (BH),signif.
foot_syls1,3.875,1.473095417316514,6.277343998569259,1.024,3.785,7.28,0.0063659326404577315,NA,NA
foot_syls2,4.062,0.5368882887279867,7.586284313353463,1.426,2.848,5.76,0.03059784793644174,NA,NA
foot_syls3,5.919,3.508983082065296,8.329158139917404,1.036,5.712,7.63,5.329473116868692e-4,NA,NA
foot_syls4,6.038,2.81609407858092,9.260234891904272,1.38,4.374,7.48,0.00277867490772506,NA,NA
