intercept,estimate,conf.low,conf.high,std.error,t.value,df,p.value,p.adj (BH),signif.
foot_syls1,86.38,82.7286383555648,90.03207787818953,1.67,51.7,11.67,3.8e-15,1.5e-14,p<0.001
foot_syls2,87.74,83.82794218872952,91.6556293573406,1.83,47.99,14.28,3.4e-17,6.1e-16,p<0.001
foot_syls3,88.05,84.3959949655955,91.69900310161276,1.67,52.71,11.66,3.1e-15,1.5e-14,p<0.001
foot_syls4,87.93,84.14421606416596,91.72188785655266,1.76,50.01,13.35,1.4e-16,7.5e-16,p<0.001
pre_syls0,86.38,82.7286383555648,90.03207787818953,1.67,51.7,11.67,3.8e-15,1.5e-14,p<0.001
pre_syls1,86.88,83.2303648478213,90.53495711295812,1.67,51.99,11.68,3.5e-15,1.5e-14,p<0.001
pre_syls2,86.66,82.93329060753281,90.38785341578334,1.74,49.86,14.02,3.5e-17,6.1e-16,p<0.001
pre_syls3,86.66,82.93625773262406,90.39224123160012,1.74,49.87,13.97,3.8e-17,6.1e-16,p<0.001
