intercept,estimate,conf.low,conf.high,std.error,t.value,df,p.value,p.adj (BH),signif.
foot_syls1,3.207,2.49344755206623,3.921262253150349,0.181,17.713,2.2,0.002,0.002,p<0.01
foot_syls2,3.184,2.572425657720901,3.7953048673969807,0.247,12.877,5.75,1.9e-05,3.7e-05,p<0.001
foot_syls3,3.078,2.366234232723344,3.789580185174525,0.181,17.003,2.21,0.002,0.002,p<0.01
foot_syls4,2.498,1.941034257396407,3.0552407580702483,0.227,11.013,5.91,3.7e-05,6.4e-05,p<0.001
