intercept,estimate,conf.low,conf.high,std.error,t.value,df,p.value,p.adj (BH),signif.
foot_syls1,280.04,228.420778034234,331.65907824222506,18.754,14.932,4.09,1.0e-04,1.6e-04,p<0.001
foot_syls2,301.725,250.66922260058428,352.7812940688673,19.222,15.697,4.51,4.1e-05,7.4e-05,p<0.001
foot_syls3,376.983,325.3611216080833,428.6042706657248,18.753,20.103,4.09,3.0e-05,5.7e-05,p<0.001
foot_syls4,498.315,447.353765825638,549.2755329239425,19.32,25.793,4.61,3.7e-06,7.6e-06,p<0.001
pre_syls0,280.04,228.420778034234,331.65907824222506,18.754,14.932,4.09,1.0e-04,1.6e-04,p<0.001
pre_syls1,245.689,194.08308722742777,297.29458296427254,18.763,13.094,4.1,1.7e-04,2.4e-04,p<0.001
pre_syls2,241.008,189.84856734056297,292.16644341838435,19.117,12.607,4.42,1.2e-04,1.9e-04,p<0.001
pre_syls3,234.947,183.80766684707967,286.0865134765121,19.138,12.276,4.44,1.4e-04,2.0e-04,p<0.001
