intercept,slope,estimate,conf.low,conf.high,std.error,t.value,df,p.value,p.adj (BH),signif.
foot_syls1,foot_syls2,0.035,-0.5013030420527032,0.5717736264104525,0.176,0.2,3.24,0.8530965384876504,NA,NA
foot_syls1,foot_syls3,-0.175,-0.2464084274828635,-0.10354528447055499,0.036,-4.809,734.7,1.8407406893051823e-6,NA,NA
foot_syls1,foot_syls4,-0.872,-1.472493239102481,-0.2710645635671466,0.215,-4.053,3.94,0.015903412956629996,NA,NA
foot_syls2,foot_syls3,-0.21,-0.7401772790695779,0.31975298275869546,0.178,-1.181,3.41,0.3135099613193058,NA,NA
foot_syls2,foot_syls4,-0.907,-1.5028298554782407,-0.3111985303514162,0.22,-4.121,4.28,0.012717981339433033,NA,NA
foot_syls3,foot_syls4,-0.697,-1.2995122102159624,-0.09409188056446938,0.213,-3.272,3.82,0.032933970609856325,NA,NA
intercept,nuc_new_wordTRUE,0.054,-0.24755432845708,0.35572368171594254,0.114,0.473,4.6,0.6575802348720219,NA,NA
intercept,genderM,0.07,-0.2209257520111566,0.36154073909832585,0.129,0.546,9.04,0.5984394474085974,NA,NA
intercept,speech_rate,0.065,0.030829644708732153,0.09942771495333913,0.017,3.728,672.23,2.089443939518874e-4,NA,NA
