intercept,estimate,conf.low,conf.high,std.error,t.value,df,p.value,p.adj (BH),signif.
foot_syls1,88.596,84.87959236947621,92.31290616911421,1.73,51.2,13.79,3.9430744324887126e-17,NA,NA
foot_syls2,89.291,85.30020028578515,93.28133227226176,1.871,47.723,14.89,1.0620511957000773e-17,NA,NA
foot_syls3,90.73,86.97459533813797,94.48500940572079,1.751,51.817,14.01,2.0716414203975063e-17,NA,NA
foot_syls4,92.162,88.15961259457461,96.16501806519048,1.917,48.065,19.77,5.930171185102284e-22,NA,NA
pre_syls0,88.596,84.87959236947621,92.31290616911421,1.73,51.2,13.79,3.9430744324887126e-17,NA,NA
pre_syls1,90.257,86.43272014627433,94.08116599473146,1.789,50.461,14.49,1.0903344191843658e-17,NA,NA
pre_syls2,90.935,86.98554199209943,94.8841664558897,1.896,47.962,20.45,1.6971207323530797e-22,NA,NA
pre_syls3,91.422,87.43279108602007,95.41126532529142,1.921,47.584,21.56,2.5223683001262922e-23,NA,NA
