intercept,estimate,conf.low,conf.high,std.error,t.value,df,p.value,p.adj (BH),signif.
foot_syls1,377.36,315.34128908683795,439.3795907631501,22.144,17.042,3.91,8.102405638063646e-5,NA,NA
foot_syls2,378.75,316.45781966439773,441.0429496775383,21.982,17.23,3.8,9.45467593206686e-5,NA,NA
foot_syls3,488.407,427.01483557541343,549.7983849420036,22.571,21.639,4.22,1.7397849224609775e-5,NA,NA
foot_syls4,649.636,589.2563711673301,710.0146742061584,23.962,27.111,5.36,6.086452741687886e-7,NA,NA
pre_syls0,377.36,315.34128908683795,439.3795907631501,22.144,17.042,3.91,8.102405638063646e-5,NA,NA
pre_syls1,377.927,317.2369184133781,438.6177184894132,23.316,16.209,4.8,2.240283131007552e-5,NA,NA
pre_syls2,389.815,329.4397680977137,450.1902523199609,23.972,16.261,5.37,9.002862321685987e-6,NA,NA
pre_syls3,397.211,336.8868321269754,457.53459825974176,24.519,16.2,5.87,4.285260939090222e-6,NA,NA
