intercept,slope,estimate,conf.low,conf.high,std.error,t.value,df,p.value,p.adj (BH),signif.
foot_syls1,foot_syls2,0.403,-2.040005941945068,2.8459549993787845,0.992,0.406,5.85,0.699,0.876,
foot_syls1,foot_syls3,1.916,1.6018875178651055,2.2306388935728063,0.16,11.966,746.06,2.6e-30,6.2e-29,p<0.001
foot_syls1,foot_syls4,0.949,-1.494079280198604,3.391883198672989,0.992,0.956,5.85,0.377,0.724,
foot_syls2,foot_syls3,1.513,-0.9297325495143348,3.9563099036013583,0.995,1.521,5.91,0.18,0.496,
foot_syls2,foot_syls4,0.546,-1.897080675035372,2.988935536114132,0.994,0.549,5.9,0.603,0.834,
foot_syls3,foot_syls4,-0.967,-3.4103887717178547,1.4756662787222523,0.995,-0.972,5.91,0.369,0.723,
