intercept,slope,estimate,conf.low,conf.high,std.error,t.value,df,p.value,p.adj (BH),signif.
foot_syls1,foot_syls2,0.402,-2.18139951006838,2.986336964606632,0.999,0.403,4.9,0.704,0.842,
foot_syls1,foot_syls3,1.916,1.601973266511591,2.2307142673400393,0.16,11.967,746.11,2.6e-30,3.3e-29,p<0.001
foot_syls1,foot_syls4,1.511,-1.472363867148369,4.49383308461972,1.154,1.309,4.91,0.249,0.449,
foot_syls2,foot_syls3,1.514,-1.068522495427713,4.096272574673198,1.002,1.512,4.95,0.192,0.372,
foot_syls2,foot_syls4,1.108,-1.87390360741305,4.090435370336812,1.156,0.959,4.94,0.382,0.579,
foot_syls3,foot_syls4,-0.406,-3.3875228070200065,2.576304490649005,1.156,-0.351,4.95,0.74,0.857,
intercept,nuc_new_word0,-0.562,-2.0531556149941244,0.9291212387932966,0.578,-0.972,4.94,0.376,0.578,
intercept,genderM,0.42,-0.8918577249821491,1.732525515660056,0.58,0.725,9,0.487,0.678,
