intercept,estimate,conf.low,conf.high,std.error,t.value,df,p.value,p.adj (BH),signif.
foot_syls1,313.326,257.54055368951424,369.1118105540935,23.911,13.104,7.5,1.9e-06,3.1e-06,p<0.001
foot_syls2,324.001,228.91826440676303,419.0842460112393,38.471,8.422,5.76,1.9e-04,2.4e-04,p<0.001
foot_syls3,430.539,374.7549818399397,486.3237396087506,23.909,18.008,7.5,1.9e-07,3.6e-07,p<0.001
foot_syls4,572.2,467.0968899974658,677.3037495528622,42.259,13.54,5.62,1.7e-05,2.4e-05,p<0.001
pre_syls0,313.326,257.54055368951424,369.1118105540935,23.911,13.104,7.5,1.9e-06,3.1e-06,p<0.001
pre_syls1,282.406,226.61211209095725,338.2006726118901,23.926,11.803,7.52,4.0e-06,6.3e-06,p<0.001
pre_syls2,308.87,225.68707163870104,392.0523000650795,34.134,9.049,6.1,9.3e-05,1.2e-04,p<0.001
pre_syls3,272.785,189.60147089595256,355.9687141719706,34.137,7.991,6.1,1.9e-04,2.4e-04,p<0.001
