intercept,estimate,conf.low,conf.high,std.error,t.value,df,p.value,p.adj (BH),signif.
foot_syls1,4.163,2.4128418911201344,5.913852336080579,0.753,5.528,7.65,6.5e-04,7.9e-04,p<0.001
foot_syls2,4.566,1.5700741501263256,7.562569134227662,1.241,3.679,6.36,0.009,0.01,p<0.01
foot_syls3,6.08,4.329112279025523,7.830108359590184,0.753,8.073,7.65,5.3e-05,7.1e-05,p<0.001
foot_syls4,5.112,2.115917433293218,8.108580712255156,1.242,4.118,6.36,0.005,0.005,p<0.01
