intercept,estimate,conf.low,conf.high,std.error,t.value,df,p.value,p.adj (BH),signif.
foot_syls1,3.21,2.791968176827999,3.621496891289749,0.18,17.69,8.39,6.2e-08,1.5e-07,p<0.001
foot_syls2,3.19,2.587692116383447,3.782447258105572,0.25,12.86,6.38,8.5e-06,1.7e-05,p<0.001
foot_syls3,3.08,2.6631787175073223,3.492520681125499,0.18,16.98,8.38,8.7e-08,2.0e-07,p<0.001
foot_syls4,2.5,1.958157023860423,3.0423908523917067,0.23,11.01,6.69,1.6e-05,2.8e-05,p<0.001
pre_syls0,3.21,2.791968176827999,3.621496891289749,0.18,17.69,8.39,6.2e-08,1.5e-07,p<0.001
pre_syls1,3.48,3.063467010435065,3.892941705721254,0.18,19.18,8.4,3.1e-08,7.9e-08,p<0.001
pre_syls2,3.58,3.0707007188072124,4.089622395817289,0.22,16.54,7.15,5.8e-07,1.2e-06,p<0.001
pre_syls3,3.6,3.0883370087987085,4.107254632983089,0.22,16.63,7.15,5.6e-07,1.2e-06,p<0.001
