intercept,estimate,conf.low,conf.high,std.error,t.value,df,p.value,p.adj (BH),signif.
foot_syls1,87,83.80165868890778,90.20349881659445,1.48,58.97,12.47,1.2e-16,7.5e-16,p<0.001
foot_syls2,87.85,84.62785029535559,91.07866211758684,1.49,58.78,13.14,2.7e-17,6.1e-16,p<0.001
foot_syls3,89.3,86.09775938978089,92.49923505558525,1.48,60.53,12.47,8.9e-17,7.5e-16,p<0.001
foot_syls4,89.04,85.84314914591094,92.22780998087548,1.47,60.62,12.26,1.4e-16,7.5e-16,p<0.001
pre_syls0,87,83.80165868890778,90.20349881659445,1.48,58.97,12.47,1.2e-16,7.5e-16,p<0.001
pre_syls1,87.81,84.6102326448686,91.01330177504272,1.48,59.5,12.49,1.0e-16,7.5e-16,p<0.001
pre_syls2,87.75,84.54415103466569,90.94657050277073,1.48,59.46,12.5,1.0e-16,7.5e-16,p<0.001
pre_syls3,88.14,84.94024529103783,91.33851389222112,1.47,59.79,12.45,1.1e-16,7.5e-16,p<0.001
