intercept,slope,estimate,conf.low,conf.high,std.error,t.value,df,p.value,p.adj (BH),signif.
foot_syls1,foot_syls2,0.403,-2.0400063698325517,2.8459554269838256,0.992,0.406,5.85,0.699,0.876,
foot_syls1,foot_syls3,1.916,1.6018875181981018,2.230638893277842,0.16,11.966,746.06,2.6e-30,6.2e-29,p<0.001
foot_syls1,foot_syls4,0.949,-1.494079708921833,3.39188362726383,0.992,0.956,5.85,0.377,0.723,
foot_syls2,foot_syls3,1.513,-0.9297328455641524,3.9563101998838928,0.995,1.521,5.91,0.18,0.497,
foot_syls2,foot_syls4,0.546,-1.8970809863429563,2.988935847530466,0.994,0.549,5.9,0.603,0.834,
foot_syls3,foot_syls4,-0.967,-3.4103888848030626,1.4756663917695287,0.995,-0.972,5.91,0.369,0.723,
