intercept,estimate,conf.low,conf.high,std.error,t.value,df,p.value,p.adj (BH),signif.
foot_syls1,88.636,39.03918151990033,138.23192088010336,14.952,5.928,2.8,0.012,0.012,p<0.05
foot_syls2,90.665,43.028392976830865,138.30159163454877,15.428,5.876,3.17,0.008,0.01,p<0.01
foot_syls3,91.562,41.95424530637737,141.16968556643943,14.95,6.125,2.8,0.011,0.012,p<0.05
foot_syls4,89.23,41.92942931352209,136.531099336808,15.527,5.747,3.25,0.008,0.01,p<0.01
pre_syls0,88.636,39.03918151990033,138.23192088010336,14.952,5.928,2.8,0.012,0.012,p<0.05
pre_syls1,80.861,31.31248719742854,130.41029354595923,14.962,5.404,2.8,0.015,0.015,p<0.05
pre_syls2,82.627,34.62066145335205,130.63405488860386,15.323,5.392,3.09,0.012,0.012,p<0.05
pre_syls3,75.147,27.213662669917746,123.07991998994773,15.344,4.897,3.1,0.015,0.015,p<0.05
