intercept,estimate,conf.low,conf.high,std.error,t.value,df,p.value,p.adj (BH),signif.
foot_syls1,84.673,81.37951758104626,87.96656447195431,1.523,55.609,12.84,1.0803046438914279e-16,NA,NA
foot_syls2,84.704,81.36411399103653,88.04346989335943,1.55,54.658,13.32,4.5695397639001937e-17,NA,NA
foot_syls3,85.355,82.05056175281742,88.66030253483946,1.531,55.736,13.14,5.3584397407806834e-17,NA,NA
foot_syls4,86.39,83.02942111779024,89.75107366755034,1.572,54.966,14.47,3.3153867584466365e-18,NA,NA
pre_syls0,84.673,81.37951758104626,87.96656447195431,1.523,55.609,12.84,1.0803046438914279e-16,NA,NA
pre_syls1,85.536,82.2109572362596,88.86198980573455,1.547,55.289,13.68,1.7703733715905733e-17,NA,NA
pre_syls2,85.479,82.12512658717513,88.83346929014577,1.568,54.523,14.38,4.481192758018716e-18,NA,NA
pre_syls3,85.745,82.37507732243908,89.11451764334122,1.579,54.3,14.8,1.9033906176267775e-18,NA,NA
