intercept,estimate,conf.low,conf.high,std.error,t.value,df,p.value,p.adj (BH),signif.
foot_syls1,86.602,83.13202182689393,90.07209140004026,1.596,54.262,12.23,5.9e-16,2.5e-15,p<0.001
foot_syls2,87.965,84.18423400663194,91.74585340330844,1.765,49.848,14.16,2.6e-17,4.7e-16,p<0.001
foot_syls3,88.271,84.80063908278358,91.74066582838331,1.596,55.308,12.23,4.7e-16,2.5e-15,p<0.001
foot_syls4,87.949,84.05073824838482,91.84680699300633,1.82,48.313,14.25,3.4e-17,4.7e-16,p<0.001
pre_syls0,86.602,83.13202182689393,90.07209140004026,1.596,54.262,12.23,5.9e-16,2.5e-15,p<0.001
pre_syls1,87.108,83.63702829382977,90.57881570541464,1.597,54.555,12.25,5.3e-16,2.5e-15,p<0.001
pre_syls2,86.827,83.15407944381312,90.50082580992596,1.714,50.669,14.08,2.4e-17,4.7e-16,p<0.001
pre_syls3,86.825,83.15096719144442,90.49833405201912,1.714,50.662,14.08,2.4e-17,4.7e-16,p<0.001
