intercept,estimate,conf.low,conf.high,std.error,t.value,df,p.value,p.adj (BH),signif.
foot_syls1,3.322,3.0267743086411243,3.6177847036111106,0.132,25.178,9.64,4.1e-10,9.2e-10,p<0.001
foot_syls2,3.299,2.8081247478159774,3.789727706340116,0.207,15.944,6.89,1.1e-06,1.9e-06,p<0.001
foot_syls3,3.193,2.897353699637648,3.4882708086408742,0.132,24.206,9.62,6.0e-10,1.3e-09,p<0.001
foot_syls4,2.547,2.056495876387694,3.0381038909685127,0.207,12.311,6.89,6.0e-06,9.1e-06,p<0.001
