intercept,estimate,conf.low,conf.high,std.error,t.value,df,p.value,p.adj (BH),signif.
foot_syls1,93.635,46.53515030696812,140.73555452220975,15.607,6,3.32,0.007,0.008,p<0.01
foot_syls2,95.665,49.71868038491597,141.6109066618356,16.067,5.954,3.72,0.005,0.006,p<0.01
foot_syls3,96.562,49.44966890210053,143.6738644196824,15.603,6.189,3.31,0.006,0.007,p<0.01
foot_syls4,94.23,46.601001425870066,141.85912965916305,15.431,6.107,3.17,0.007,0.008,p<0.01
pre_syls0,93.635,46.53515030696812,140.73555452220975,15.607,6,3.32,0.007,0.008,p<0.01
pre_syls1,85.861,38.7819745667963,132.94040870611894,15.614,5.499,3.32,0.009,0.01,p<0.01
pre_syls2,87.627,40.51766023410096,134.7366586559944,15.596,5.619,3.31,0.009,0.01,p<0.01
pre_syls3,80.147,32.88465307197169,127.40853202236651,15.544,5.156,3.27,0.011,0.011,p<0.05
