intercept,slope,estimate,conf.low,conf.high,std.error,t.value,df,p.value,p.adj (BH),signif.
foot_syls1,foot_syls2,-0.023,-0.5827369618006173,0.5357568016800878,0.17,-0.138,2.83,0.899,0.943,
foot_syls1,foot_syls3,-0.129,-0.19711201738988057,-0.06178336402721081,0.034,-3.756,758.05,1.9e-04,8.5e-04,p<0.001
foot_syls1,foot_syls4,-0.709,-1.257452578651673,-0.16098250743180045,0.196,-3.615,3.93,0.023,0.07,
foot_syls2,foot_syls3,-0.106,-0.6625211749641957,0.45060595383094393,0.17,-0.621,2.87,0.58,0.776,
foot_syls2,foot_syls4,-0.686,-1.2333440202850556,-0.1381113472286314,0.197,-3.487,3.97,0.025,0.074,
foot_syls3,foot_syls4,-0.58,-1.1267989628477235,-0.03274073886640838,0.197,-2.947,3.99,0.042,0.098,
intercept,nuc_new_wordTRUE,0.066,-0.22007141394286467,0.3518054893684216,0.098,0.67,3.58,0.544,0.737,
intercept,genderM,0.108,-0.2081895264489415,0.4239472417579343,0.14,0.772,9.01,0.46,0.672,
