intercept,estimate,conf.low,conf.high,std.error,t.value,df,p.value,p.adj (BH),signif.
foot_syls1,83.015,79.76382258403154,86.2667260946333,1.466,56.628,10.35,3.1e-14,7.2e-14,p<0.001
foot_syls2,83.525,80.2441091132051,86.80631525308067,1.491,56.021,11.01,7.0e-15,2.2e-14,p<0.001
foot_syls3,83.48,80.22822715188023,86.73111575941341,1.466,56.945,10.35,2.9e-14,7.2e-14,p<0.001
foot_syls4,83.888,80.59486912678489,87.1804230113429,1.5,55.92,11.25,4.1e-15,1.4e-14,p<0.001
pre_syls0,83.015,79.76382258403154,86.2667260946333,1.466,56.628,10.35,3.1e-14,7.2e-14,p<0.001
pre_syls1,83.139,79.88754937453211,86.39121668793126,1.466,56.699,10.36,2.9e-14,7.2e-14,p<0.001
pre_syls2,82.869,79.59551943334587,86.14152830131052,1.485,55.816,10.86,1.1e-14,3.1e-14,p<0.001
pre_syls3,82.87,79.59683972773982,86.14287957375137,1.485,55.817,10.86,1.1e-14,3.1e-14,p<0.001
