intercept,estimate,conf.low,conf.high,std.error,t.value,df,p.value,p.adj (BH),signif.
foot_syls1,86.513,82.94298731134768,90.0839168808428,1.657,52.205,13.36,7.8e-17,4.7e-16,p<0.001
foot_syls2,87.876,83.97848787829291,91.77439049595311,1.82,48.275,14.24,3.4e-17,3.8e-16,p<0.001
foot_syls3,88.182,84.61170436812102,91.75239150760348,1.657,53.214,13.35,6.1e-17,4.7e-16,p<0.001
foot_syls4,87.86,84.07930973919903,91.64102646698744,1.765,49.788,14.16,2.6e-17,3.7e-16,p<0.001
pre_syls0,86.513,82.94298731134768,90.0839168808428,1.657,52.205,13.36,7.8e-17,4.7e-16,p<0.001
pre_syls1,87.019,83.4480412661817,90.5905936976096,1.658,52.49,13.38,6.9e-17,4.7e-16,p<0.001
pre_syls2,86.739,83.00939264018865,90.46830357842244,1.742,49.782,14.31,1.9e-17,3.7e-16,p<0.001
pre_syls3,86.736,83.00638198208901,90.46571022618392,1.743,49.776,14.31,1.9e-17,3.7e-16,p<0.001
