intercept,estimate,conf.low,conf.high,std.error,t.value,df,p.value,p.adj (BH),signif.
foot_syls1,82.77,79.50820346641092,86.03227299057716,1.475,56.102,10.6,1.8e-14,4.9e-14,p<0.001
foot_syls2,83.28,79.98730539449674,86.57304674916024,1.5,55.512,11.26,4.4e-15,1.6e-14,p<0.001
foot_syls3,83.235,79.97264153480096,86.49662915435606,1.475,56.418,10.6,1.7e-14,4.9e-14,p<0.001
foot_syls4,83.643,80.36160083290844,86.9236190832483,1.491,56.103,11.01,6.9e-15,2.5e-14,p<0.001
pre_syls0,82.77,79.50820346641092,86.03227299057716,1.475,56.102,10.6,1.8e-14,4.9e-14,p<0.001
pre_syls1,82.894,79.63194449642057,86.15674934387786,1.476,56.173,10.61,1.8e-14,4.9e-14,p<0.001
pre_syls2,82.623,79.34488829892196,85.90208721220161,1.489,55.479,10.98,8.5e-15,2.7e-14,p<0.001
pre_syls3,82.625,79.34616425078717,85.9034828274177,1.489,55.478,10.98,8.4e-15,2.7e-14,p<0.001
