intercept,estimate,conf.low,conf.high,std.error,t.value,df,p.value,p.adj (BH),signif.
foot_syls1,323.96,261.89856576209354,386.0212779352735,21.708,14.924,3.73,1.8e-04,2.5e-04,p<0.001
foot_syls2,334.618,273.2609242290198,395.9743919207863,22.26,15.032,4.08,1.0e-04,1.6e-04,p<0.001
foot_syls3,441.245,379.17314127292985,503.3174784122248,21.702,20.332,3.72,6.0e-05,1.0e-04,p<0.001
foot_syls4,572.685,511.43273853029064,633.9375935193641,22.371,25.599,4.15,1.0e-05,1.9e-05,p<0.001
pre_syls0,323.96,261.89856576209354,386.0212779352735,21.708,14.924,3.73,1.8e-04,2.5e-04,p<0.001
pre_syls1,293.062,231.02751308703563,355.09594322142215,21.721,13.492,3.73,2.6e-04,3.4e-04,p<0.001
pre_syls2,293.902,232.48651868833284,355.3175478076475,22.126,13.283,4,1.8e-04,2.5e-04,p<0.001
pre_syls3,288.693,227.30600600238267,350.08024393941093,22.146,13.036,4.02,1.9e-04,2.5e-04,p<0.001
