intercept,estimate,conf.low,conf.high,std.error,t.value,df,p.value,p.adj (BH),signif.
foot_syls1,4.163,2.412842162028057,5.91385206510978,0.753,5.528,7.65,6.5e-04,7.9e-04,p<0.001
foot_syls2,4.566,1.5700745051012777,7.562568779410194,1.241,3.679,6.36,0.009,0.01,p<0.05
foot_syls3,6.08,4.329112346830588,7.830108291761539,0.753,8.073,7.65,5.3e-05,7.0e-05,p<0.001
foot_syls4,5.112,2.115917801521045,8.108580344076394,1.242,4.118,6.36,0.005,0.006,p<0.01
