intercept,slope,estimate,conf.low,conf.high,std.error,t.value,df,p.value,p.adj (BH),signif.
foot_syls1,foot_syls2,0.186,-2.4248199733445466,2.7975492371909727,1.014,0.184,4.96,0.8613940031137721,NA,NA
foot_syls1,foot_syls3,2.044,1.708313444728725,2.379387151251072,0.171,11.959,727.39,3.235014175176838e-30,NA,NA
foot_syls1,foot_syls4,2.163,-0.843367870331138,5.169249548716783,1.2,1.803,5.47,0.12627234958314973,NA,NA
foot_syls2,foot_syls3,1.857,-0.750178169838061,4.465148769732347,1.022,1.817,5.13,0.1273794298035912,NA,NA
foot_syls2,foot_syls4,1.977,-1.0293318782341119,4.982484066249592,1.222,1.617,5.87,0.15797018892840567,NA,NA
foot_syls3,foot_syls4,0.119,-2.8887649984161885,3.1269407649304886,1.19,0.1,5.3,0.9239560246113983,NA,NA
intercept,nuc_new_wordTRUE,0.78,-0.7251299337769124,2.2848759529779255,0.591,1.319,5.17,0.2425229609664542,NA,NA
intercept,genderM,0.531,-0.8092655421649215,1.8715253706473398,0.594,0.895,9.11,0.3939430580447518,NA,NA
intercept,speech_rate,-0.196,-0.3581228289782561,-0.03404775748973979,0.083,-2.376,708.62,0.017773277101741442,NA,NA
