intercept,estimate,conf.low,conf.high,std.error,t.value,df,p.value,p.adj (BH),signif.
foot_syls1,84.549,38.3219606917619,130.77631380677866,17.391,4.862,4.5,0.006095698441453593,NA,NA
foot_syls2,88.783,42.40136967773999,135.1655508407385,17.211,5.158,4.33,0.005392631297370784,NA,NA
foot_syls3,85.955,40.062131148833274,131.84734506349957,17.894,4.804,5.04,0.004771549378054595,NA,NA
foot_syls4,79.342,33.34875557424193,125.33511361621856,19.504,4.068,7.1,0.004626000749955577,NA,NA
pre_syls0,84.549,38.3219606917619,130.77631380677866,17.391,4.862,4.5,0.006095698441453593,NA,NA
pre_syls1,72.998,27.216760849306453,118.77943100740931,18.759,3.891,6.07,0.007894384626506233,NA,NA
pre_syls2,72.963,26.96581266091824,118.95986866806325,19.515,3.739,7.11,0.007064945216205115,NA,NA
pre_syls3,64.101,17.709829239431826,110.49286622303075,20.136,3.183,8.04,0.012843763764331597,NA,NA
