intercept,estimate,conf.low,conf.high,std.error,t.value,df,p.value,p.adj (BH),signif.
foot_syls1,330,267.99188929519283,392.01573380852693,22.62,14.59,4.14,1.0e-04,1.4e-04,p<.001
foot_syls2,341.42,279.96537425456575,402.8675229531209,23.1,14.78,4.49,5.6e-05,9.0e-05,p<.001
foot_syls3,447.13,385.1125239047151,509.1489174508447,22.62,19.77,4.13,3.0e-05,5.2e-05,p<.001
foot_syls4,578.91,516.655497288953,641.1695496652505,22.45,25.79,4.01,1.3e-05,2.4e-05,p<.001
pre_syls0,330,267.99188929519283,392.01573380852693,22.62,14.59,4.14,1.0e-04,1.4e-04,p<.001
pre_syls1,298.76,236.7590119356725,360.76426263810566,22.63,13.2,4.14,1.5e-04,2.1e-04,p<.001
pre_syls2,298.6,236.5886864557933,360.6199585705008,22.61,13.21,4.13,1.6e-04,2.2e-04,p<.001
pre_syls3,293.96,231.8680043918955,356.0431191702506,22.56,13.03,4.09,1.7e-04,2.3e-04,p<.001
