intercept,estimate,conf.low,conf.high,std.error,t.value,df,p.value,p.adj (BH),signif.
foot_syls1,87.011,83.8129367497209,90.20911499995728,1.474,59.04,12.46,1.3e-16,4.7e-16,p<0.001
foot_syls2,87.86,84.63732274084587,91.08365357965432,1.494,58.828,13.14,2.7e-17,3.7e-16,p<0.001
foot_syls3,89.311,86.11344444645388,92.50924010060764,1.474,60.607,12.45,9.2e-17,4.7e-16,p<0.001
foot_syls4,89.045,85.8558451180671,92.23444080082716,1.467,60.699,12.24,1.5e-16,5.2e-16,p<0.001
pre_syls0,87.011,83.8129367497209,90.20911499995728,1.474,59.04,12.46,1.3e-16,4.7e-16,p<0.001
pre_syls1,87.823,84.62439359406368,91.02181962220176,1.474,59.571,12.47,1.1e-16,4.7e-16,p<0.001
pre_syls2,87.759,84.56043084081726,90.95732133227678,1.474,59.527,12.48,1.1e-16,4.7e-16,p<0.001
pre_syls3,88.149,84.9522527805678,91.34493513671312,1.473,59.858,12.43,1.1e-16,4.7e-16,p<0.001
