intercept,estimate,conf.low,conf.high,std.error,t.value,df,p.value,p.adj (BH),signif.
foot_syls1,3.41,1.0465079691707997,5.77412362620012,0.991,3.442,6.7,0.012,0.012,p<0.05
foot_syls2,3.813,0.32769502735402556,7.297874020046143,1.403,2.717,5.66,0.037,0.037,p<0.05
foot_syls3,5.327,2.962888254029625,7.690430879532737,0.991,5.377,6.7,0.001,0.002,p<0.01
foot_syls4,4.921,1.7677504068610577,8.07435040167994,1.279,3.848,5.82,0.009,0.01,p<0.01
