intercept,estimate,conf.low,conf.high,std.error,t.value,df,p.value,p.adj (BH),signif.
foot_syls1,82.762,79.50018516211918,86.02384376554596,1.475,56.11,10.59,1.9e-14,4.4e-14,p<0.001
foot_syls2,83.276,79.98425836663677,86.56780573321535,1.499,55.545,11.23,4.7e-15,1.5e-14,p<0.001
foot_syls3,83.235,79.97343524907849,86.49700271088709,1.475,56.433,10.59,1.8e-14,4.4e-14,p<0.001
foot_syls4,83.643,80.36306123013742,86.92350216505903,1.49,56.132,10.99,7.3e-15,2.3e-14,p<0.001
pre_syls0,82.762,79.50018516211918,86.02384376554596,1.475,56.11,10.59,1.9e-14,4.4e-14,p<0.001
pre_syls1,82.888,79.62602980138098,86.15047040963861,1.475,56.182,10.6,1.8e-14,4.4e-14,p<0.001
pre_syls2,82.618,79.34041190814706,85.89635624624744,1.489,55.501,10.96,8.9e-15,2.5e-14,p<0.001
pre_syls3,82.62,79.34222804840013,85.89828409621737,1.489,55.5,10.96,8.8e-15,2.5e-14,p<0.001
