intercept,estimate,conf.low,conf.high,std.error,t.value,df,p.value,p.adj (BH),signif.
foot_syls1,329.845,268.75160486329037,390.9389114253264,22.426,14.708,4.2,9.0e-05,1.3e-04,p<0.001
foot_syls2,340.503,279.6308659140982,401.375133696464,22.971,14.823,4.55,5.1e-05,8.3e-05,p<0.001
foot_syls3,447.131,386.0272892494678,508.2340011114604,22.419,19.945,4.2,2.6e-05,4.8e-05,p<0.001
foot_syls4,578.571,517.22656341465,639.9144503285997,22.269,25.982,4.08,1.1e-05,2.3e-05,p<0.001
pre_syls0,329.845,268.75160486329037,390.9389114253264,22.426,14.708,4.2,9.0e-05,1.3e-04,p<0.001
pre_syls1,298.947,237.8602042081376,360.03392051677884,22.431,13.327,4.21,1.3e-04,1.8e-04,p<0.001
pre_syls2,299.787,238.68793664010323,360.8868026474839,22.418,13.372,4.2,1.3e-04,1.8e-04,p<0.001
pre_syls3,294.578,233.41167249980367,355.7452294028096,22.365,13.171,4.16,1.5e-04,2.0e-04,p<0.001
