intercept,estimate,conf.low,conf.high,std.error,t.value,df,p.value,p.adj (BH),signif.
foot_syls1,2.933,2.41147947485456,3.4536790071061505,0.222,13.209,7.27,2.4179012485984436e-6,NA,NA
foot_syls2,2.968,2.281085117848741,3.654543946021865,0.279,10.637,5.86,4.748609913822117e-5,NA,NA
foot_syls3,2.758,2.2335226065088944,3.2816821640041285,0.225,12.239,7.62,2.772731003205767e-6,NA,NA
foot_syls4,2.061,1.4515842819252378,2.6700163940288113,0.264,7.797,8.02,5.179683264014729e-5,NA,NA
