intercept,estimate,conf.low,conf.high,std.error,t.value,df,p.value,p.adj (BH),signif.
foot_syls1,4.163,2.4128418911201344,5.913852336080579,0.753,5.528,7.65,6.5e-04,8.0e-04,p<0.001
foot_syls2,4.566,1.5700741501263256,7.562569134227662,1.241,3.679,6.36,0.009,0.01,p<0.01
foot_syls3,6.08,4.329112279025523,7.830108359590184,0.753,8.073,7.65,5.3e-05,7.3e-05,p<0.001
foot_syls4,5.112,2.115917433293218,8.108580712255156,1.242,4.118,6.36,0.005,0.006,p<0.01
pre_syls0,4.163,2.4128418911201344,5.913852336080579,0.753,5.528,7.65,6.5e-04,8.0e-04,p<0.001
pre_syls1,4.769,3.017818453200348,6.519868853449628,0.754,6.325,7.68,2.7e-04,3.6e-04,p<0.001
pre_syls2,5.409,2.8090979883082556,8.008214632366244,1.089,4.967,6.68,0.002,0.002,p<0.01
pre_syls3,5.314,2.713863211422329,7.913300319890103,1.089,4.879,6.69,0.002,0.002,p<0.01
