intercept,estimate,conf.low,conf.high,std.error,t.value,df,p.value,p.adj (BH),signif.
foot_syls1,3.972,2.1107170071883847,5.833948964377628,0.805,4.936,7.86,0.001,0.001,p<0.01
foot_syls2,4.375,1.221497173144256,7.528106253000342,1.279,3.421,5.81,0.015,0.015,p<0.05
foot_syls3,5.889,4.027103752145465,7.75024975326845,0.805,7.318,7.85,9.0e-05,1.5e-04,p<0.001
foot_syls4,5.483,1.998018156816448,8.96811703222927,1.404,3.907,5.66,0.009,0.01,p<0.05
