intercept,estimate,conf.low,conf.high,std.error,t.value,df,p.value,p.adj (BH),signif.
foot_syls1,3.322,3.0267743086411243,3.6177847036111106,0.132,25.178,9.64,4.1e-10,9.6e-10,p<0.001
foot_syls2,3.299,2.8081247478159774,3.789727706340116,0.207,15.944,6.89,1.1e-06,1.9e-06,p<0.001
foot_syls3,3.193,2.897353699637648,3.4882708086408742,0.132,24.206,9.62,6.0e-10,1.4e-09,p<0.001
foot_syls4,2.547,2.056495876387694,3.0381038909685127,0.207,12.311,6.89,6.0e-06,1.0e-05,p<0.001
pre_syls0,3.322,3.0267743086411243,3.6177847036111106,0.132,25.178,9.64,4.1e-10,9.6e-10,p<0.001
pre_syls1,3.596,3.3006755509707117,3.891930773311788,0.132,27.229,9.67,1.8e-10,4.6e-10,p<0.001
pre_syls2,3.682,3.2537946899297148,4.109485130430263,0.184,20.046,7.56,7.9e-08,1.5e-07,p<0.001
pre_syls3,3.698,3.270300973472916,4.126087026163846,0.184,20.131,7.57,7.6e-08,1.5e-07,p<0.001
