intercept,estimate,conf.low,conf.high,std.error,t.value,df,p.value,p.adj (BH),signif.
foot_syls1,87,83.80165868890778,90.20349881659443,1.48,58.97,12.47,1.214759760169382e-16,NA,NA
foot_syls2,87.85,84.62785029535559,91.07866211758684,1.49,58.78,13.14,2.67244533404311e-17,NA,NA
foot_syls3,89.3,86.09775938978089,92.49923505558525,1.48,60.53,12.47,8.872673124610317e-17,NA,NA
foot_syls4,89.04,85.84314914591094,92.22780998087548,1.47,60.62,12.26,1.4283256211398712e-16,NA,NA
pre_syls0,87,83.80165868890778,90.20349881659443,1.48,58.97,12.47,1.214759760169382e-16,NA,NA
pre_syls1,87.81,84.6102326448686,91.01330177504272,1.48,59.5,12.49,1.0450439676564388e-16,NA,NA
pre_syls2,87.75,84.54415103466569,90.94657050277071,1.48,59.46,12.5,1.0341499069120519e-16,NA,NA
pre_syls3,88.14,84.94024529103783,91.33851389222113,1.47,59.79,12.45,1.0953656477456009e-16,NA,NA
