intercept,estimate,conf.low,conf.high,std.error,t.value,df,p.value,p.adj (BH),signif.
foot_syls1,86.38,82.7286383555648,90.03207787818953,1.67,51.7,11.67,3.8000345344496815e-15,NA,NA
foot_syls2,87.74,83.82794218872952,91.6556293573406,1.83,47.99,14.28,3.42898234505399e-17,NA,NA
foot_syls3,88.05,84.3959949655955,91.69900310161275,1.67,52.71,11.66,3.0824912195781017e-15,NA,NA
foot_syls4,87.93,84.14421606416596,91.72188785655266,1.76,50.01,13.35,1.4161359673537435e-16,NA,NA
pre_syls0,86.38,82.7286383555648,90.03207787818953,1.67,51.7,11.67,3.8000345344496815e-15,NA,NA
pre_syls1,86.88,83.2303648478213,90.53495711295812,1.67,51.99,11.68,3.4645991727588395e-15,NA,NA
pre_syls2,86.66,82.93329060753281,90.38785341578334,1.74,49.86,14.02,3.492973222291854e-17,NA,NA
pre_syls3,86.66,82.93625773262406,90.39224123160011,1.74,49.87,13.97,3.8329035933222586e-17,NA,NA
