term,sumsq,meansq,NumDF,DenDF,F value,p.value,p.adj (BH),signif.
foot_syls,8.755,2.918,3,461.097,3.644,0.012761977549580115,NA,NA
ana_syls,3.173,1.058,3,2,1.321,0.45828936613698135,NA,NA
pn_new_word,0.641,0.641,1,1.571,0.8,0.4866501139779277,NA,NA
wrd_end_syl,18.838,9.419,2,463.426,11.761,1.0416858978396087e-5,NA,NA
gender,2.77,2.77,1,9.251,3.459,0.09493475618992464,NA,NA
