term,sumsq,meansq,NumDF,DenDF,F value,p.value,p.adj (BH),signif.
acc_phon,330219.028,165109.514,2,688.48,120.55,1.2964474600647385e-45,NA,NA
ana_syls,11323.372,3774.457,3,2,2.756,0.27745817221222047,NA,NA
foot_syls,12509.232,4169.744,3,5.535,3.044,0.1212473424063813,NA,NA
wrd_end_syl,4757.588,2378.794,2,21.296,1.737,0.20010898138518068,NA,NA
pn_new_word,3728.849,3728.849,1,4.643,2.723,0.16433558113088453,NA,NA
gender,42999.767,42999.767,1,9.143,31.395,3.1445926177454877e-4,NA,NA
speech_rate,24573.471,24573.471,1,5.657,17.942,0.0062351387178231086,NA,NA
