term,sumsq,meansq,NumDF,DenDF,F value,p.value,p.adj (BH),signif.
acc_phon,3.894,1.947,2,702.548,0.97,0.3797285234383178,NA,NA
ana_syls,11.671,3.89,3,2.753,1.938,0.31173933780974716,NA,NA
foot_syls,1.468,0.489,3,2.793,0.244,0.8616011071842996,NA,NA
wrd_end_syl,15.196,7.598,2,10.542,3.784,0.057713195982583745,NA,NA
pn_new_word,0.689,0.689,1,2.748,0.343,0.6025636544035173,NA,NA
speech_rate,30.527,30.527,1,470.817,15.205,1.1047507486997742e-4,NA,NA
