term,sumsq,meansq,NumDF,DenDF,F value,p.value,p.adj (BH),signif.
acc_phon,0.2,0.2,1,474.187,0.133,0.7156398188620188,NA,NA
ana_syls,51.396,17.132,3,474.293,11.37,3.2637338727052753e-7,NA,NA
foot_syls,0.495,0.165,3,474.358,0.109,0.9545820964782836,NA,NA
wrd_end_syl,2.579,1.289,2,474.09,0.856,0.42563046035261776,NA,NA
pn_new_word,13.011,13.011,1,474.035,8.635,0.0034587742583121225,NA,NA
speech_rate,0.482,0.482,1,475.985,0.32,0.5719533694833334,NA,NA
