term,sumsq,meansq,NumDF,DenDF,F value,p.value,p.adj (BH),signif.
acc_phon,145.888,145.888,1,1.838,0.281,0.6532675554906193,NA,NA
ana_syls,1378.334,459.445,3,2,0.884,0.5696526585376909,NA,NA
foot_syls,2134.67,711.557,3,5.781,1.369,0.34195848707172694,NA,NA
wrd_end_syl,1407.869,703.935,2,75.956,1.354,0.2643608294603081,NA,NA
pn_new_word,56.442,56.442,1,3.66,0.109,0.7597631391933397,NA,NA
gender,78060.444,78060.444,1,6.222,150.149,1.3743851548406154e-5,NA,NA
speech_rate,9.712,9.712,1,200.269,0.019,0.891423840332286,NA,NA
