intercept,estimate,conf.low,conf.high,std.error,t.value,df,p.value,p.adj (BH),signif.
foot_syls1,5.03,3.7829074160435976,6.276081611052717,0.51,9.78,6.25,5.103087250026352e-5,NA,NA
foot_syls2,5.48,4.227613198642501,6.7229917507831924,0.52,10.58,6.38,2.7766799436661328e-5,NA,NA
foot_syls3,6.96,5.6631046984626385,8.263946970081257,0.57,12.26,8.35,1.251860451289192e-6,NA,NA
foot_syls4,6.08,4.701997448831193,7.461314623013134,0.62,9.8,10.15,1.7019782484143667e-6,NA,NA
