intercept,slope,estimate,conf.low,conf.high,std.error,t.value,df,p.value,p.adj (BH),signif.
foot_syls1,foot_syls2,0.45,-0.20156644719710093,1.0931807017159283,0.31,1.46,15.89,0.16359689252831874,NA,NA
foot_syls1,foot_syls3,1.93,1.4121253468958659,2.4559480647333607,0.23,8.26,10,8.921385992282677e-6,NA,NA
foot_syls1,foot_syls4,1.05,0.3183371487538329,1.7859779232853792,0.33,3.15,11.14,0.0090943053603782,NA,NA
foot_syls2,foot_syls3,1.49,0.8824349144380218,2.0939993459159263,0.29,5.14,18.91,5.857732986773685e-5,NA,NA
foot_syls2,foot_syls4,0.61,0.030763919143727336,1.1819404402975895,0.27,2.23,16.62,0.04012467821048064,NA,NA
foot_syls3,foot_syls4,-0.88,-1.423202224707898,-0.34053819844285027,0.25,-3.49,14.36,0.003514862532068984,NA,NA
intercept,fin_phonL%,-0.806,-1.3126061989497186,-0.29894692186027905,0.258,-3.122,623.09,0.0018789071879083093,NA,NA
