intercept,slope,estimate,conf.low,conf.high,std.error,t.value,df,p.value,p.adj (BH),signif.
foot_syls1,foot_syls2,-0.01,-0.11517588372015417,0.10452720055205536,0.05,-0.1,30.22,0.921826712362509,NA,NA
foot_syls1,foot_syls3,-0.13,-0.26736593595829206,0.01692910054310756,0.06,-1.96,10.23,0.07820198276420236,NA,NA
foot_syls1,foot_syls4,-0.77,-0.9206107698128049,-0.6113505878538515,0.07,-10.75,12.48,1.1346864811855281e-7,NA,NA
foot_syls2,foot_syls3,-0.12,-0.25651604411251877,0.016729250049734468,0.07,-1.82,21,0.082264725428248,NA,NA
foot_syls2,foot_syls4,-0.76,-0.9186097511617787,-0.6027016516732889,0.07,-10.3,14.45,4.8175831895323146e-8,NA,NA
foot_syls3,foot_syls4,-0.64,-0.7597444906903813,-0.5217795723000048,0.06,-11.43,15.74,4.944303340174988e-9,NA,NA
intercept,fin_phonL%,0.118,0.010599647925087483,0.22555619590402864,0.055,2.157,721.69,0.03134492059918964,NA,NA
