intercept,estimate,conf.low,conf.high,std.error,t.value,df,p.value,p.adj (BH),signif.
foot_syls1,0.75,0.4711388094447155,1.0384030474947872,0.08,10.05,2.32,0.005774055286457622,NA,NA
foot_syls2,0.78,0.49235691557190525,1.0651425403580814,0.07,10.42,2.28,0.005684982398471712,NA,NA
foot_syls3,0.75,0.4638179937329905,1.0307199270914176,0.08,9.95,2.33,0.005884565418571135,NA,NA
foot_syls4,0.75,0.47128337600418174,1.0373919624271848,0.08,10.04,2.33,0.0057134883877913495,NA,NA
