intercept,estimate,conf.low,conf.high,std.error,t.value,df,p.value,p.adj (BH),signif.
foot_syls1,292.36834948003855,242.27668041286785,342.46001854720924,19.173147978828027,15.248844363110672,4.7455602819019065,3.2576105586359976e-5,NA,NA
foot_syls2,313.59407472337676,263.7465273370316,363.44162210972195,19.620600767134647,15.982898711677594,5.2039624410662855,1.2691436333839151e-5,NA,NA
foot_syls3,388.31737044193636,338.2255111907576,438.40922969311515,19.172796938750473,20.253558814734088,4.745232733310638,8.626655645279456e-6,NA,NA
foot_syls4,510.9207346131644,460.7112405337717,561.1302286925572,19.001196474021487,26.88887172508833,4.5835803566795565,3.2009243391180235e-6,NA,NA
pre_syls0,292.36834948003855,242.27668041286785,342.46001854720924,19.173147978828027,15.248844363110672,4.7455602819019065,3.2576105586359976e-5,NA,NA
pre_syls1,258.8965429938799,208.81030590345617,308.9827800843036,19.18049878534873,13.497904610887458,4.75285980585723,5.686768199912977e-5,NA,NA
pre_syls2,254.58323261839527,204.49751188314397,304.66895335364654,19.161328745706403,13.286303679510812,4.738195088134244,6.249529671625975e-5,NA,NA
pre_syls3,247.6809845225562,197.563198739256,297.7987703058564,19.114928434083517,12.9574633447709,4.693410930823644,7.474622124489655e-5,NA,NA
