factor,npar,AIC,LRT,Pr(Chi),p.adj (BH),signif.
mode,3,223.2047791344567,65.01655396446591,5.0e-14,1.0e-13,_p_ < .05
gender,1,165.64303649019212,3.454811320201344,0.063,0.076,
