factor,npar,AIC,LRT,Pr(Chi),p.adj (BH),signif.
mode,3,223.20477911718643,65.01662311570436,5.0e-14,1.0e-13,_p_ < .05
gender,1,165.64303634894318,3.4548803474611134,0.063,0.076,
