factor,npar,AIC,LRT,Pr(Chi),p.adj (BH),signif.
mode,3,481.6601923251343,62.7682024570824,1.5e-13,2.6e-13,_p_ < .05
gender,1,422.93387797575053,0.04188810769863949,0.838,0.914,
