intercept,estimate,conf.low,conf.high,std.error,z.value,p.value,p.adj (BH),signif.
modeMDC,0.02986078440097466,0.0013761321578938158,0.6479511723686453,0.046883348507281535,-2.236347547294911,0.025329014156849093,NA,NA
modeMWH,0.01972367919577498,8.981357320079281e-4,0.43314557828372063,0.031088047977496,-2.4907929228655687,0.012745838204219833,NA,NA
modeMYN,0.05466981198546566,0.0025503584592368707,1.1719091219124087,0.08549505284776335,-1.8585253783454005,0.06309444289525698,NA,NA
modeMDQ,0.30116993017229526,0.01440483152812605,6.296729445456066,0.4671463456047613,-0.773693726534368,0.4391119307732886,NA,NA
