intercept,estimate,conf.low,conf.high,std.error,z.value,p.value,p.adj (BH),signif.
modeMDC,0.18521107898628725,0.029077325467952844,1.179721423040487,0.1749650781486365,-1.7850069138678795,0.07426019543498767,NA,NA
modeMWH,0.0026573898495957033,1.6540025393931387e-4,0.042694739848012864,0.0037647924875334467,-4.18599797335574,2.839158805125647e-5,NA,NA
modeMYN,1.4623104323966427,0.23404021756118915,9.136685237172921,1.3670466155970862,0.40649953056559607,0.6843756018288268,NA,NA
modeMDQ,6.59886343454839,1.0291324872802023,42.312335064750265,6.256178296775281,1.9902531301385782,0.04656305826221681,NA,NA
