intercept,slope,estimate,conf.low,conf.high,std.error,t.value,df,p.value,p.adj (BH),signif.
foot_syls1,foot_syls2,0.5798090516515515,0.07833797982880619,1.0812801234742968,0.25492300550218777,2.274447731813579,331.4416009474882,0.023577740332722457,NA,NA
foot_syls1,foot_syls3,0.8812835792440452,0.4003244920550355,1.362242666433055,0.24446589266364907,3.6049346992407174,320.75997901060066,3.618775729410662e-4,NA,NA
foot_syls1,foot_syls4,0.6131408884518057,0.02405560756296199,1.2022261693406495,0.2991416737458484,2.0496672388506187,256.60590399312133,0.0414134694840794,NA,NA
foot_syls2,foot_syls3,0.3014745276115211,-0.12545568771907734,0.7284047429421195,0.21686651578511076,1.3901386598115817,274.8910225879676,0.16561136493512849,NA,NA
foot_syls2,foot_syls4,0.033331836825581586,-0.5107499929292959,0.5774136665804591,0.27604887776306464,0.12074614139236102,216.88947109268392,0.9040038950789175,NA,NA
foot_syls3,foot_syls4,-0.26814269077703634,-0.6237309456962612,0.08744556414218857,0.18088143662769152,-1.4824223854930718,403.28645747604224,0.13900891659807452,NA,NA
