intercept,slope,estimate,conf.low,conf.high,std.error,t.value,df,p.value,p.adj (BH),signif.
modeMDC,modeMWH,0.4733835353787584,-0.21075437199055796,1.1575214427480747,0.3073796070050533,1.540061619543212,10.08114782328488,0.15432377110369766,NA,NA
modeMDC,modeMYN,0.5708847902535115,0.09029240832749874,1.0514771721795242,0.2174722042037331,2.625093134746973,10.647709896551298,0.024191666042288104,NA,NA
modeMDC,modeMDQ,1.8592129521480085,0.9488799085056389,2.769545995790378,0.41447099115812325,4.485749284776138,11.192588647707915,8.839310212238771e-4,NA,NA
modeMWH,modeMYN,0.09751335101930794,-0.440451460630489,0.6354781626691048,0.2432214912645976,0.4009240734126755,10.574799703838409,0.6964575534901684,NA,NA
modeMWH,modeMDQ,1.3858750281286856,0.05252877618939533,2.719221280067976,0.6028622332104175,2.298825422764495,10.5799725598564,0.04299913411001897,NA,NA
modeMYN,modeMDQ,1.2883524321031876,0.09570558899104586,2.4809992752153294,0.5367071310754753,2.4004757110671053,10.202606697725841,0.03682807998055556,NA,NA
intercept,genderM,-0.065,-0.4113994166387911,0.2809163668148805,0.155,-0.421,9.76,0.6826266794695667,NA,NA
