factor,npar,AIC,LRT,Pr(Chi),p.adj (BH),signif.
ana_syls,3,513.0161248549446,14.637075267568946,0.002,0.005,_p_ < .05
foot_syls,3,506.7866013670435,8.40755177966787,0.038,0.055,
wrd_end_syl,2,518.3985300646284,18.019480477252785,1.2e-04,6.1e-04,_p_ < .05
speech_rate,1,502.1511565093286,-0.2278930780470887,1,1,
gender,1,509.9603601126018,7.581310525226172,0.006,0.01,_p_ < .05
