intercept,estimate,conf.low,conf.high,std.error,t.value,df,p.value,p.adj (BH),signif.
foot_syls1,0.73,-0.6771150920490998,2.133885222478918,0.64,1.13,11.82,0.2804574257618419,NA,NA
foot_syls2,1.57,0.11350259770252014,3.035975070845767,0.69,2.29,15.25,0.03640734627257601,NA,NA
foot_syls3,3.02,1.617469987027366,4.427706660912416,0.64,4.7,11.8,5.421640718874244e-4,NA,NA
foot_syls4,2.73,1.3517317756411398,4.117878515955078,0.63,4.35,11.07,0.0011408024857252662,NA,NA
pre_syls0,0.73,-0.6771150920490998,2.133885222478918,0.64,1.13,11.82,0.2804574257618419,NA,NA
pre_syls1,1.55,0.14212380861065133,2.9547868147793617,0.64,2.4,11.87,0.033606101358998476,NA,NA
pre_syls2,1.47,0.07168357245940626,2.876411825770921,0.64,2.29,12.08,0.04090855696447051,NA,NA
pre_syls3,1.88,0.47930581116646764,3.271527675582502,0.64,2.93,11.79,0.01275046858723508,NA,NA
