intercept,estimate,conf.low,conf.high,std.error,t.value,df,p.value,p.adj (BH),signif.
foot_syls1,4.38,2.7008212183946276,6.0557820873152455,0.66,6.59,5.32,9.500557052783282e-4,NA,NA
foot_syls2,4.83,3.1591189898272685,6.507300780422648,0.69,7,6.24,3.5688669662438464e-4,NA,NA
foot_syls3,6.31,4.621843384695757,7.999700887603486,0.71,8.89,6.78,5.5586477857869817e-5,NA,NA
foot_syls4,5.5,3.772176101519329,7.22654827596362,0.75,7.32,8.15,7.506381125179218e-5,NA,NA
