intercept,slope,estimate,conf.low,conf.high,std.error,t.value,df,p.value,p.adj (BH),signif.
foot_syls1,foot_syls2,0.45,-0.198818186632866,1.1086279864147983,0.31,1.47,16.12,0.1596682065065748,NA,NA
foot_syls1,foot_syls3,1.93,1.4100316682373908,2.4549237383104145,0.23,8.24,10,9.058749363755203e-6,NA,NA
foot_syls1,foot_syls4,1.12,0.3496551688127558,1.8924434187747459,0.35,3.23,10.21,0.008802809418258594,NA,NA
foot_syls2,foot_syls3,1.48,0.8625317689282337,2.0926024037293622,0.29,5.03,19.12,7.365483200283491e-5,NA,NA
foot_syls2,foot_syls4,0.67,0.03623950594178016,1.2960539154694604,0.29,2.3,12.01,0.039894820178229,NA,NA
foot_syls3,foot_syls4,-0.81,-1.4224592632766448,-0.20039431145513686,0.27,-3.01,8.94,0.01489586902642163,NA,NA
intercept,genderM,0.547,-0.4856070201773006,1.5797038441329327,0.455,1.203,8.79,0.2604815326769786,NA,NA
