intercept,slope,estimate,conf.low,conf.high,std.error,t.value,df,p.value,p.adj (BH),signif.
foot_syls1,foot_syls2,-0.01,-0.11772644087904503,0.09765173436816575,0.05,-0.19,30.6,0.8504109027840243,NA,NA
foot_syls1,foot_syls3,-0.12,-0.2652838809790607,0.01707370518786118,0.06,-1.95,10.25,0.07875066156397684,NA,NA
foot_syls1,foot_syls4,-0.69,-0.8549911802504194,-0.5293739841588848,0.08,-8.97,16.92,7.671426599255795e-8,NA,NA
foot_syls2,foot_syls3,-0.11,-0.24914973010667407,0.02103893756997373,0.06,-1.76,20.93,0.09369446800554623,NA,NA
foot_syls2,foot_syls4,-0.68,-0.8485527230165385,-0.5157076844349288,0.08,-8.58,19.02,5.798592981162989e-8,NA,NA
foot_syls3,foot_syls4,-0.57,-0.6992850100511065,-0.43687412365822165,0.06,-8.93,24.23,3.913565080939667e-9,NA,NA
intercept,genderM,0.091,-0.10672660222615257,0.287733169744505,0.09,1.002,11.76,0.33649081764738664,NA,NA
