term,sumsq,meansq,NumDF,DenDF,F value,p.value,signif.
mode,89.422,29.807,3,9.956,10.521,0.001977168712406884,p<0.01
h_start,51.903,51.903,1,568.169,18.32,2.1921936596996962e-5,p<0.001
