term,sumsq,meansq,NumDF,DenDF,F value,p.value,signif.
mode,157.509,52.503,3,9.952,13.924,6.790411648555932e-4,p<0.001
gender,91.582,91.582,1,8.735,24.289,8.901476987546364e-4,p<0.001
h_start,43.609,43.609,1,366.814,11.566,7.457969190658718e-4,p<0.001
fin_phon,156.991,156.991,1,349.829,41.636,3.665919284894761e-10,p<0.001
