term,sumsq,meansq,NumDF,DenDF,F value,p.value,signif.
mode,130.74826215116855,43.58275405038951,3,10.00605529814427,11.372840631095919,0.0014554525410699231,p<0.01
gender,44.53541984554659,44.53541984554659,1,9.157056450343768,11.621437042660252,0.007568635317213288,p<0.01
starts_with_H,52.35568584509932,52.35568584509932,1,522.2591424290468,13.662121273006553,2.4194340233620948e-4,p<0.001
