term,sumsq,meansq,NumDF,DenDF,F value,p.value,signif.
mode,80.69,26.897,3,10.836,20.179,9.601001380746351e-5,p<0.001
gender,33.185,33.185,1,9.019,24.897,7.446379348877369e-4,p<0.001
h_start,1.091,1.091,1,582.973,0.819,0.3659061482249917,
fin_phon,0.043,0.043,1,517.523,0.032,0.8580587771664654,
