term,sumsq,meansq,NumDF,DenDF,F value,p.value,signif.
mode,81.599,27.2,3,10.845,20.426,9.044126701631732e-5,p<0.001
gender,33.027,33.027,1,9.019,24.803,7.543105109163488e-4,p<0.001
starts_with_H,0.9,0.9,1,581.082,0.676,0.4114554688128914,
