term,sumsq,meansq,NumDF,DenDF,F value,p.value,signif.
mode,130.748,43.583,3,10.006,11.373,0.0014554525410699231,p<0.01
gender,44.535,44.535,1,9.157,11.621,0.007568635317213288,p<0.01
starts_with_H,52.356,52.356,1,522.259,13.662,2.4194340233620948e-4,p<0.001
