term,sumsq,meansq,NumDF,DenDF,F value,p.value,signif.
mode,81.59885713004788,27.19961904334929,3,10.84534400261836,20.426419900239583,9.044126701631732e-5,p<0.001
gender,33.02721670602735,33.02721670602735,1,9.019361856426384,24.802839903688977,7.543105109163488e-4,p<0.001
starts_with_H,0.8995746983446589,0.8995746983446589,1,581.0817969079599,0.6755642603204893,0.4114554688128914,
