intercept,slope,estimate,conf.low,conf.high,std.error,t.value,df,p.value,p.adj (BH),signif.
foot_syls1,foot_syls2,0.023978784412639603,0.00474015323314304,0.04321741559213617,0.009097252995765453,2.6358269275132984,16.49233077115358,0.01765671956643206,NA,NA
foot_syls1,foot_syls3,-0.007502300492383232,-0.02490684740584767,0.009902246421081208,0.008865936666018846,-0.846193783578206,762.3957611779052,0.39771016199964004,NA,NA
foot_syls1,foot_syls4,-4.33250187128137e-4,-0.027091325723676382,0.02622482534942011,0.01349058276330901,-0.032115009019956384,148.65520551583998,0.97442341286495,NA,NA
foot_syls2,foot_syls3,-0.031481114732092905,-0.051943899375497565,-0.011018330088688244,0.009649523988296245,-3.262452611162566,15.935725360889792,0.004912345446865357,NA,NA
foot_syls2,foot_syls4,-0.024412047396755114,-0.04963561246967159,8.115176761613573e-4,0.012068963163060532,-2.022712893140071,19.421626989098637,0.057090525502223315,NA,NA
foot_syls3,foot_syls4,0.007068598804445214,-0.020527947236873324,0.03466514484576375,0.013945338649860115,0.5068789637830788,126.41065009863149,0.6131227881128575,NA,NA
