intercept,slope,estimate,conf.low,conf.high,std.error,t.value,df,p.value,p.adj (BH),signif.
foot_syls1,foot_syls2,-0.14015893414636543,-0.16116913912111222,-0.11914872917161866,0.010684543924101718,-13.117914544784748,369.15166799196345,1.5557217816131817e-32,NA,NA
foot_syls1,foot_syls3,-0.12063345660351572,-0.1377979074334923,-0.10346900577353915,0.008743733605430322,-13.796561291459744,768.0706368090032,7.617209374680298e-39,NA,NA
foot_syls1,foot_syls4,0.008049915615220738,-0.02000769253690915,0.03610752376735062,0.011848196807542195,0.6794211596904275,6.949801955547237,0.5188513072943888,NA,NA
foot_syls2,foot_syls3,0.01952549231615818,-0.0027917328846637154,0.04184271751698008,0.011349183577172486,1.7204314463140198,368.8226432233559,0.08619279637737419,NA,NA
foot_syls2,foot_syls4,0.14820928981612494,0.12085489452406502,0.17556368510818485,0.012119704665420023,12.228787244213642,9.136432231760953,5.712036007684421e-7,NA,NA
foot_syls3,foot_syls4,0.12868354393811463,0.1002543942056783,0.15711269367055095,0.012446672804578451,10.338790611638716,8.466443616420348,4.331953128779608e-6,NA,NA
