intercept,estimate,conf.low,conf.high,std.error,t.value,df,p.value,p.adj (BH),signif.
foot_syls1,0.841044151901242,0.6966812722869556,0.9854070315155284,0.05129924815224664,16.394863125579917,3.868274596975307,1.0184992939032928e-4,NA,NA
foot_syls2,0.7008850033330621,0.5560035330789888,0.8457664735871355,0.05102329468767299,13.736568906876037,3.785779305356609,2.278282987438426e-4,NA,NA
foot_syls3,0.7204107402919926,0.5761645188293402,0.864656961754645,0.05135400349793992,14.028326736412907,3.886013436146221,1.794582809441382e-4,NA,NA
foot_syls4,0.8490941881502178,0.7052955351846786,0.9928928411157569,0.051564304703186084,16.4667048850511,3.955792599091095,8.5983788589564e-5,NA,NA
