intercept,estimate,conf.low,conf.high,std.error,t.value,df,p.value,p.adj (BH),signif.
foot_syls1,0.7547709284697514,0.4711388094447155,1.0384030474947872,0.07509418356669241,10.05099053776151,2.323189632117601,0.005774055286457622,NA,NA
foot_syls2,0.7787497279649933,0.49235691557190525,1.0651425403580814,0.07476175763432165,10.416418134175656,2.282355684978023,0.005684982398471712,NA,NA
foot_syls3,0.747268960412204,0.4638179937329905,1.0307199270914176,0.07512245832334842,9.947344337371735,2.3261904952427277,0.005884565418571135,NA,NA
foot_syls4,0.7543376692156832,0.47128337600418174,1.0373919624271848,0.07516784080584817,10.035377644597643,2.332140717277734,0.0057134883877913495,NA,NA
