intercept,estimate,conf.low,conf.high,std.error,t.value,df,p.value,p.adj (BH),signif.
foot_syls1,0.22331012544912013,-1.3096707547063131,1.7562910056045533,0.7282756477459094,0.3066285768860853,17.532366343583586,0.7627378404239916,NA,NA
foot_syls2,1.5887199945112687,-0.014550826779072157,3.1919908158016095,0.7736697256195312,2.053486057295405,22.29304748256331,0.051939906023276444,NA,NA
foot_syls3,1.8851198678994228,0.3526366179946132,3.4176031178042323,0.7279487236248549,2.589632767693279,17.502846064971518,0.018780505501731527,NA,NA
foot_syls4,1.8777375311879247,0.3691234264874663,3.386351635888383,0.7151559300857915,2.6256337285250053,17.03453953106669,0.01769356063402212,NA,NA
pre_syls0,0.22331012544912013,-1.3096707547063131,1.7562910056045533,0.7282756477459094,0.3066285768860853,17.532366343583586,0.7627378404239916,NA,NA
pre_syls1,0.7228855437777348,-0.8112071850092772,2.256978272564747,0.7290337348215189,0.9915666576865757,17.60770714277458,0.33484069022202345,NA,NA
pre_syls2,0.4539679444617201,-1.0781826385529005,1.9861185274763409,0.7301024848859823,0.6217866037431921,18.28938545293956,0.541756200235439,NA,NA
pre_syls3,0.7963436666166499,-0.7283251951012051,2.3210125283345047,0.7256012782700796,1.0974948507742828,17.961025854073792,0.28692130669066074,NA,NA
