intercept,slope,estimate,conf.low,conf.high,std.error,t.value,df,p.value,p.adj (BH),signif.
foot_syls1,foot_syls2,0.5067883314820067,0.18328999843485566,0.8302866645291578,0.16478672906108519,3.0754195703110545,749.6759656712525,0.00217841821263506,NA,NA
foot_syls1,foot_syls3,0.46210664278338537,0.20849702607161097,0.7157162594951598,0.1291861416970164,3.5770604858466633,749.7014304972996,3.6979506347887555e-4,NA,NA
foot_syls1,foot_syls4,0.8084354686279083,0.4146568768183078,1.2022140604375087,0.20004232209669112,4.041322157004098,279.8719639588472,6.873688923454436e-5,NA,NA
foot_syls2,foot_syls3,-0.04468168869829312,-0.38621825989431197,0.2968548824977257,0.17397532410886885,-0.25682773650321,749.9472286711973,0.7973821996636843,NA,NA
foot_syls2,foot_syls4,0.3016471369782772,-0.10401410378851161,0.707308377745066,0.20614799016764543,1.4632552892364807,303.3248191401782,0.1444329830728097,NA,NA
foot_syls3,foot_syls4,0.3463288258053716,-0.061198105004995895,0.7538557566157391,0.2071026314631282,1.672257003006892,305.73483383669844,0.09549665885880512,NA,NA
pre_syls0,pre_syls1,0.12278601577221764,-0.13295425466043514,0.37852628620487044,0.1302715331531579,0.9425391165686239,749.9088715748915,0.34622023150429737,NA,NA
pre_syls0,pre_syls2,-0.2765504364821369,-0.6692856890098264,0.11618481604555264,0.19944886996350533,-1.3865730928068905,260.78119563101666,0.16675616776792354,NA,NA
pre_syls0,pre_syls3,-0.1965864207079477,-0.5979211397503643,0.20474829833446886,0.20297618734667305,-0.96851962428572,138.42171587877877,0.3344741391424212,NA,NA
pre_syls1,pre_syls2,-0.39933645233784915,-0.6984827555038207,-0.10019014917187763,0.1509334919043923,-2.6457776024343618,108.96660125745403,0.009355970836621316,NA,NA
pre_syls1,pre_syls3,-0.3193724365658702,-0.6308736159715668,-0.007871257160173672,0.15531670620088775,-2.056265835001623,53.180510018646395,0.04467874013110713,NA,NA
pre_syls2,pre_syls3,0.07996401576993807,-0.1421741608843654,0.3021021924242416,0.10452919469316713,0.7649921728055288,15.530087137591977,0.4557447228979956,NA,NA
intercept,fin_phonL%,-0.082,-0.4753030621543364,0.3110140342601274,0.2,-0.41,755.56,0.6818035525158326,NA,NA
intercept,nuc_new_wordTRUE,0.181,-0.05106797733541088,0.41332643013827586,0.115,1.572,44.16,0.12309786689798295,NA,NA
intercept,genderM,-0.255,-1.115091433983436,0.6059652102579709,0.38,-0.669,8.98,0.5200790584418352,NA,NA
