intercept,estimate,conf.low,conf.high,std.error,t.value,df,p.value,p.adj (BH),signif.
foot_syls1,0.7283850651675043,-0.6771151122256363,2.1338852425606447,0.6439837774191471,1.1310612017069854,11.819510668290638,0.28045742844831845,NA,NA
foot_syls2,1.5747388343476438,0.11350262581771875,3.0359750428775687,0.6865212336282017,2.2937947979049294,15.245442362316988,0.03640734277911668,NA,NA
foot_syls3,3.0225883239000675,1.617469997030663,4.427706650769472,0.6436742905200118,4.695835096129407,11.797648303857715,5.421639843148517e-4,NA,NA
foot_syls4,2.734805145757445,1.3517317989284536,4.117878492586437,0.6288765598122724,4.348715344985697,11.070496574731033,0.001140802125222016,NA,NA
pre_syls0,0.7283850651675043,-0.6771151122256363,2.1338852425606447,0.6439837774191471,1.1310612017069854,11.819510668290638,0.28045742844831845,NA,NA
pre_syls1,1.5484553116743254,0.1421238052429552,2.9547868181056955,0.6446862384974675,2.4018743059929735,11.872048441877704,0.0336061017695213,NA,NA
pre_syls2,1.4740476990630438,0.07168355469473697,2.8764118434313506,0.6441023272987173,2.288530310463263,12.07876275639345,0.040908559265113636,NA,NA
pre_syls3,1.8754167432434696,0.47930582203028815,3.2715276644566513,0.639529804929692,2.9324931047578735,11.794667929163547,0.012750467776977472,NA,NA
