intercept,estimate,conf.low,conf.high,std.error,t.value,df,p.value,p.adj (BH),signif.
modeMDC,3.416813682636713,-0.054105593324600854,6.8877329585980265,1.1214713294008556,3.0467240606696033,3.1565954176178432,0.052009788771190786,NA,NA
modeMWH,3.8354463890968464,0.365927829820373,7.3049649483733194,1.121884171948941,3.418754346479366,3.1611968347034103,0.03865811456119517,NA,NA
modeMYN,4.367022146057309,0.8940596703498285,7.839984621764789,1.1208134327885853,3.896297116275768,3.1496165504990765,0.027463807297552982,NA,NA
modeMDQ,6.099806738963008,2.636253057995852,9.563360419930165,1.1233409397399479,5.430058251393478,3.1793416110363553,0.010526503101944513,NA,NA
acc_phonL*H,3.416813682636713,-0.054105593324600854,6.8877329585980265,1.1214713294008556,3.0467240606696033,3.1565954176178432,0.052009788771190786,NA,NA
acc_phon^[L*]H,3.2183699671122312,-0.026737645571072388,6.463477579795535,1.38250764841868,2.327921997967549,7.26482741022594,0.05146879380926528,NA,NA
acc_phonL*^[H],6.686777939940889,3.3757044257413766,9.9978514541404,1.1854158601436615,5.6408709928434,3.9400876562361997,0.005086726973301302,NA,NA
acc_phon^[L*H],6.311264958394849,2.932499362207503,9.690030554582195,1.1526504282805736,5.475437134751653,3.5226684246394493,0.007767913178826265,NA,NA
