intercept,estimate,conf.low,conf.high,std.error,t.value,df,p.value,p.adj (BH),signif.
modeMDC,3.242408373470925,-0.5429269552865135,7.0277437022283635,1.2309366773153758,2.634098433513647,3.1953384209530395,0.07307780877183948,NA,NA
modeMWH,3.647444198880098,-0.13640460466728355,7.431293002427479,1.2313917368198812,2.9620502475514163,3.2000119256077473,0.054840212896595075,NA,NA
modeMYN,4.9610948140404485,1.1691000102958466,8.75308961778505,1.228868494209775,4.037124263024324,3.174446268966557,0.024563691731616592,NA,NA
modeMDQ,7.753130302151074,3.9451018875894093,11.561158716712738,1.2240201543260971,6.334152484947992,3.1260218705353293,0.007026687060644126,NA,NA
