intercept,slope,estimate,conf.low,conf.high,std.error,t.value,df,p.value,p.adj (BH),signif.
modeMDC,modeMWH,0.4050358254869524,-0.03018799011985568,0.8402596410937604,0.22162078621814688,1.8276075651507955,616.0546655300343,0.06809201568435327,NA,NA
modeMDC,modeMYN,1.7186864407008056,1.2817354242967292,2.155637457104882,0.22250040831891035,7.7244192659521245,616.2127072650575,4.5714540175166026e-14,NA,NA
modeMDC,modeMDQ,4.510721928582656,4.042972143219388,4.9784717139459245,0.23818564979876924,18.937840849746962,619.0646555832216,1.9445664248977718e-63,NA,NA
modeMWH,modeMYN,1.313650615222324,0.8773410704590667,1.7499601599855812,0.22217388181894276,5.912713971900907,616.3792390840795,5.576005383923013e-9,NA,NA
modeMWH,modeMDQ,4.105686103146896,3.637175668751329,4.574196537542463,0.2385732455066338,17.209331643320134,619.410713481956,1.5422905317816e-54,NA,NA
modeMYN,modeMDQ,2.7920354880690947,2.3349090643127037,3.2491619118254857,0.23277547846762833,11.994543009638269,618.2698149498691,6.004360333228881e-30,NA,NA
intercept,genderM,0.676,-1.2238298426996153,2.5754327402136776,0.84,0.805,9.01,0.44175792657777424,NA,NA
