intercept,estimate,conf.low,conf.high,std.error,t.value,df,p.value,p.adj (BH),signif.
modeMDC,294.0511908694898,213.20405830560492,374.8983234333747,30.34084161794689,9.691596382598556,4.471887322868647,3.612435687683657e-4,NA,NA
modeMWH,293.6075294951061,212.76385489415586,374.45120409605636,30.344357401834916,9.67585260109518,4.473950057755435,3.629068682993126e-4,NA,NA
modeMYN,292.99545977982973,212.14332576954922,373.84759379011024,30.335404370652192,9.658531536282617,4.46875668698385,3.679245367886717e-4,NA,NA
modeMDQ,280.4636741245398,199.6334557394875,361.2938925095921,30.356009570409217,9.23914829694656,4.481122774692433,4.38956471897154e-4,NA,NA
acc_phonL*H,294.0511908694898,213.20405830560492,374.8983234333747,30.34084161794689,9.691596382598556,4.471887322868647,3.612435687683657e-4,NA,NA
acc_phon^[L*]H,222.26560558427056,142.3536908696962,302.1775202988449,32.66057438085145,6.805318332508645,6.001744904359487,4.926986598378162e-4,NA,NA
acc_phonL*^[H],291.53137059898535,211.1354254462775,371.9273157516932,30.87739906979966,9.441577962572767,4.7966110690174055,2.809150588791953e-4,NA,NA
acc_phon^[L*H],290.4954129833525,209.88524757214532,371.10557839455964,30.597258970027077,9.494164600427782,4.624997473258364,3.3167518218439406e-4,NA,NA
