intercept,slope,estimate,conf.low,conf.high,std.error,t.value,df,p.value,p.adj (BH),signif.
modeMDC,modeMWH,-0.3732012510373512,-6.176975652005886,5.430573149931185,2.95531799676795,-0.12628125008729973,613.083315961246,0.8995506993735217,NA,NA
modeMDC,modeMYN,-2.4634542104370576,-8.299969790215686,3.3730613693415705,2.9719910915272774,-0.8288901731435246,613.1962856946221,0.4074890799948492,NA,NA
modeMDC,modeMDQ,-16.78714489981287,-23.029999701201547,-10.544290098424192,3.1789224110834575,-5.280765847346172,615.2305554233391,1.7869365120643784e-7,NA,NA
modeMWH,modeMYN,-2.090252959346658,-7.918834984581588,3.7383290658882724,2.967952209845583,-0.7042744665539645,613.2939898354431,0.481529192630862,NA,NA
modeMWH,modeMDQ,-16.41394364863366,-22.66793430093253,-10.159952996334788,3.184594954862134,-5.154169959219899,615.4325405560038,3.437155862627626e-7,NA,NA
modeMYN,modeMDQ,-14.323690687228389,-20.434458973573467,-8.212922400883311,3.111656635855755,-4.603236270408463,614.6256328060251,5.056391545302724e-6,NA,NA
intercept,genderM,-59.883,-95.91733489313026,-23.848514053926614,15.926,-3.76,8.99,0.004495254435061893,NA,NA
