intercept,estimate,conf.low,conf.high,std.error,t.value,df,p.value,p.adj (BH),signif.
modeMDC,294.2086137481847,213.45319552148447,374.9640319748849,30.732479352736352,9.57321439547275,4.661850417401902,3.0664190207664664e-4,NA,NA
modeMWH,293.83541248901264,213.08269234518707,374.5881326328382,30.73587392740433,9.560014892793623,4.663901116025667,3.078257380624283e-4,NA,NA
modeMYN,291.74515952645015,210.9784201352545,372.5118989176458,30.717970393645995,9.497540227683713,4.653143063772454,3.208322194494998e-4,NA,NA
modeMDQ,277.4214688415743,196.62653486771427,358.2164028154344,30.6823447856167,9.041729723721254,4.6318333419551205,4.086112436710414e-4,NA,NA
