intercept,estimate,conf.low,conf.high,std.error,t.value,df,p.value,p.adj (BH),signif.
modeMDC,-2.2654302090031897,-5.3981078621174845,0.8672474441111051,0.8544204444388618,-2.6514232234822104,2.414879408108373,0.09666788448442235,NA,NA
modeMWH,-2.143605174056219,-5.27394428858698,0.9867339404745419,0.8547455066856571,-2.507887034549286,2.4185224995106305,0.10733047016383719,NA,NA
modeMYN,-0.6418289032881264,-3.785617480441693,2.50195967386544,0.8528668226150555,-0.7525546618405838,2.3977251277787044,0.5186542639872884,NA,NA
modeMDQ,0.22366515878580417,-2.944129161625908,3.391459479197516,0.8495864821762517,0.26326355642203303,2.3619740009447137,0.8135777678879258,NA,NA
