intercept,estimate,conf.low,conf.high,std.error,t.value,df,p.value,p.adj (BH),signif.
modeMDC,-2.3347652513329775,-4.61671876402667,-0.05281173863928501,0.7079990842366973,-3.2976952983634393,2.9343582922432807,0.04730586043971634,NA,NA
modeMWH,-2.2252320557365777,-4.505559961228317,0.05509584975516191,0.708387425958343,-3.1412641927207687,2.940732428157693,0.05302845105676139,NA,NA
modeMYN,-1.2644469455390681,-3.5475003312728637,1.0186064401947277,0.7076853733021952,-1.7867360175029718,2.9297021738273026,0.17415068013423282,NA,NA
modeMDQ,-0.9665819881034666,-3.234928753636948,1.3017647774300145,0.711024420184155,-1.3594216466617592,2.9870735735950236,0.26753650929743417,NA,NA
acc_phonL*H,-2.3347652513329775,-4.61671876402667,-0.05281173863928501,0.7079990842366973,-3.2976952983634393,2.9343582922432807,0.04730586043971634,NA,NA
acc_phon^[L*]H,0.533163954171738,-1.565646318660277,2.631974227003753,0.908290403301191,0.5869972337414862,7.907149467119377,0.5735791473731076,NA,NA
acc_phonL*^[H],-1.9878104405222603,-4.1214184213064,0.1457975402618794,0.7593013093078662,-2.6179468099880268,3.882288147651679,0.060736196019466344,NA,NA
acc_phon^[L*H],-0.08952301773644551,-2.2860892319921327,2.1070431965192418,0.7319745465038079,-0.12230345735933291,3.3533923930426663,0.9096271459709568,NA,NA
