intercept,slope,estimate,conf.low,conf.high,std.error,t.value,df,p.value,p.adj (BH),signif.
modeMDC,modeMWH,0.12182503486732453,-0.18893311207339675,0.43258318180804584,0.15823899241933354,0.7698799961041716,611.1552590322129,0.44166854756242513,NA,NA
modeMDC,modeMYN,1.6236013056984973,1.3115827725277196,1.935619838869275,0.15888087378235743,10.218985250059635,611.3275819045842,9.715583821922586e-23,NA,NA
modeMDC,modeMDQ,2.4890953676723666,2.152792469603548,2.8253982657411854,0.17124902009846008,14.534946630592424,615.7997537451191,2.2879816589249302e-41,NA,NA
modeMWH,modeMYN,1.5017762708696831,1.1902378446218065,1.8133146971175598,0.15863659531351948,9.466770689963852,611.7038584897449,6.164582226818275e-20,NA,NA
modeMWH,modeMDQ,2.367270332967946,2.030469329484592,2.7040713364513,0.17150308080879748,13.803077599562945,616.5667373105462,5.84118576468047e-38,NA,NA
modeMYN,modeMDQ,0.8654940619765417,0.5367932504897327,1.1941948734633505,0.16737722636578248,5.170918892425127,614.4385189527522,3.156110806981856e-7,NA,NA
intercept,genderM,-0.068,-0.907095907288402,0.7719013676480535,0.371,-0.182,9,0.8594960307734663,NA,NA
