intercept,estimate,conf.low,conf.high,std.error,t.value,df,p.value,p.adj (BH),signif.
modeMDC,89.92931351210852,73.53835145614994,106.3202755680671,7.376437661605903,12.191428659417461,10.20557210430056,2.0692240473471086e-7,NA,NA
modeMWH,90.28524077105405,73.8874660921615,106.6830154499466,7.382266440035497,12.230016554458025,10.234484463257534,1.9529613495795283e-7,NA,NA
modeMYN,90.0173124389043,73.63911357759181,106.39551130021678,7.369630015797577,12.214631161393818,10.19446948334149,2.0533260369097916e-7,NA,NA
modeMDQ,74.25983026718932,57.84921074762626,90.67044978675237,7.414007862187609,10.01615207962268,10.514017425769309,1.050330529166041e-6,NA,NA
acc_phonL*H,89.92931351210852,73.53835145614994,106.3202755680671,7.376437661605903,12.191428659417461,10.20557210430056,2.0692240473471086e-7,NA,NA
acc_phon^[L*]H,86.44382481066872,64.32090142784469,108.56674819349274,11.00039226274805,7.858249301109363,47.57113895946742,3.8294553343958914e-10,NA,NA
acc_phonL*^[H],82.84413278857144,65.22292078939873,100.46534478774416,8.337224864292445,9.936655678244342,16.613732620412712,2.1106772589426152e-8,NA,NA
acc_phon^[L*H],80.6498063567794,63.697614837963236,97.60199787559554,7.85511454307519,10.2671712696892,13.135300211266825,1.205892394810806e-7,NA,NA
