intercept,slope,estimate,conf.low,conf.high,std.error,t.value,df,p.value,p.adj (BH),signif.
modeMDC,modeMWH,0.41167603390284896,-3.525715424568069,4.349067492373767,2.004930473045567,0.20533182543606968,610.9681553911882,0.8373812727092034,NA,NA
modeMDC,modeMYN,-2.2790898314256047,-6.243472297451657,1.6852926346004478,2.0186796934854048,-1.1290002266236612,611.781327609783,0.25934024176675174,NA,NA
modeMDC,modeMDQ,-20.982535883000466,-25.194861329103354,-16.770210436897578,2.144841273708523,-9.782791920411322,598.8244722657357,4.570417635637174e-21,NA,NA
modeMWH,modeMYN,-2.690765859856933,-6.643266708368982,1.2617349886551152,2.0126312326685833,-1.336939334032494,612.0432381081906,0.18173914376257685,NA,NA
modeMWH,modeMDQ,-21.394211900139755,-25.606549039858898,-17.181874760420612,2.144839863254106,-9.974736234005324,597.8109005553414,8.857279935296823e-22,NA,NA
modeMYN,modeMDQ,-18.703446051923184,-22.830969939460932,-14.575922164385435,2.1017372076392347,-8.899041223584623,609.6212342203112,6.395503567365045e-18,NA,NA
intercept,genderM,-53.578,-73.7631407753425,-33.392709980930434,8.918,-6.008,8.97,2.0337047279504639e-4,NA,NA
