intercept,estimate,conf.low,conf.high,std.error,t.value,df,p.value,p.adj (BH),signif.
modeMDC,90.44160889457989,73.64879459187694,107.23442319728284,7.532642418950969,12.006624483732656,9.960435745514891,3.017056756609866e-7,NA,NA
modeMWH,90.85328489424082,74.05427736038291,107.65229242809872,7.538097350633653,12.052548629741917,9.986492122843666,2.8399072376046255e-7,NA,NA
modeMYN,88.16251906374963,71.40017222816158,104.92486589933768,7.508377859879953,11.741886291423166,9.858359530224604,4.086862622822228e-7,NA,NA
modeMDQ,69.45907301178035,52.77260859846649,86.1455374250942,7.4469897267211875,9.327134259706073,9.60266305180281,4.021948837403877e-6,NA,NA
