factor,npar,AIC,LRT,Pr(Chi),p.adj (BH),signif.
foot_syls,3,575.2736537398707,13.358479687223394,0.004,0.006,p<.01
wrd_end_syl,2,579.0315290126229,15.116354959975524,5.2e-04,0.001,p<.01
speech_rate,1,582.0148641902244,16.099690137577113,6.0e-05,2.4e-04,p<.001
gender,1,568.7754796399969,2.8603055873495578,0.091,0.104,
