intercept,estimate,conf.low,conf.high,std.error,z.value,p.value,p.adj (BH),signif.
foot_syls1,0.12,0.011939131963443242,1.1190478605010754,0.13,-1.86,0.06248241012255357,NA,NA
foot_syls2,0.17,0.012733690368103859,2.280982569400729,0.23,-1.34,0.1812472656050632,NA,NA
foot_syls3,0.04,0.0024923294393907145,0.4966276881896279,0.05,-2.48,0.01320645266500722,NA,NA
foot_syls4,0.02,0.001272009692465579,0.471238349524281,0.04,-2.46,0.013947964727695284,NA,NA
wrd_end_syl1,0.12,0.011939131963443242,1.1190478605010754,0.13,-1.86,0.06248241012255357,NA,NA
wrd_end_syl2,0.01,4.1383273028821433e-4,0.07603418662714337,0.01,-3.9,9.729252677114854e-5,NA,NA
wrd_end_syl3,0,0.0024286220525551435,0.00244455179171332,0,-3607.79,0,NA,NA
